key_1.n_crush,0.737,0.8669240502670899,1.9543426575259928
n_fatigue_ring_2,0.65225,0.42049599783445774,2.213458285131101
n_fatigue_keyway_2,0.8715,0.06113439028806178,3.0784442831295458
stage_2.pinion.n_b,0.7392000000000001,0.0414301486229922,2.8096967602138756
stage_2.pinion.n_b,0.2652,0.0771966711924764,1.706864517965041
n_fatigue_ring_2,0.3905,0.8066686018259038,1.2418903664969658
stage_1.pinion.n_c,1.145,1.6619507880114845,2.5780037202322768
stage_1.pinion.n_b,0.5845,0.2900432914789692,2.184247595643357
stage_1.pinion.n_b,1.8981,0.14520499914557294,5.29369406803511
n_fatigue_keyway_2,0.8225,0.0830117454862926,2.928564646851262
n_fatigue_ring_2,0.764,0.6537931509248573,2.2272976789056167
stage_2.pinion.n_b,1.003,0.06908569443367692,3.3930324702978267
stage_1.pinion.n_b,0.734,0.08932299338919822,2.7335553089226217
stage_2.pinion.n_b,0.4175,0.1288873767287267,1.99074395702855
n_fatigue_keyway_2,1.2125,0.16247008534672264,3.722355219331392
stage_2.pinion.n_b,0.4895,0.12498629603469281,2.1632692954226287
n_fatigue_ring_1,0.5075,0.007548272200360498,2.381461414778328
n_fatigue_ring_2,1.055,0.6311735526828467,2.9111851035256833
stage_2.pinion.n_b,0.6335,0.04490093963053377,2.6097983353515284
n_fatigue_ring_2,1.15325,0.6016248371539603,3.1539046813167366
stage_2.pinion.n_b,0.1765,0.02126656746209036,1.5584846728173696
n_fatigue_keyway_2,0.64375,0.31300448778405776,2.29601475859256
n_fatigue_ring_2,0.34925,0.014945522029443818,1.973284095306311
n_fatigue_keyway_1,0.4955,0.5461413288475724,1.738538562664341
n_fatigue_ring_2,1.13,0.6072490791384162,3.1009992560993718
n_fatigue_ring_2,0.21790000000000004,0.026112548676102253,1.6739951387242022
n_fatigue_ring_2,0.469,0.659171135127326,1.5590370943022331
n_fatigue_keyway_1,0.63225,0.04513273502218859,2.5491094204505043
n_fatigue_ring_2,1.0765,1.292106733783277,2.42805983173337
n_fatigue_keyway_2,0.4955,0.36659817665407984,1.923912245900558
stage_2.pinion.n_b,0.1952,0.024716976164687363,1.645891549475943
stage_2.pinion.n_b,0.1459,0.015057458758690584,1.5388792362340677
n_fatigue_ring_2,0.68975,0.2917337908765369,2.4179728953605935
n_fatigue_keyway_2,0.872,0.06084829565775945,3.0698967816847373
n_fatigue_ring_2,0.4055,0.07742197083360317,2.0034855486550875
stage_2.pinion.n_b,0.40775,0.016047848608998987,2.140638124277935
n_fatigue_ring_2,0.588,0.02259905043559102,2.4583638693380263
key_1.n_crush,0.8526,0.16729154207191776,2.911060971442243

n_fatigue_keyway_2,1.175,0.682570370462674,3.1279159137692694
n_fatigue_ring_2,0.738,0.05626525722109479,2.7727946264715433
key_1.n_crush,0.7098,0.09564483413138397,2.660539984915407
n_yield_keyway_1,0.843,0.04633768395979312,3.017435505435486
stage_1.pinion.n_b,0.585,0.07657145334120535,2.3959299421999316
n_fatigue_ring_2,1.2735,0.08987310629106385,3.930198034174419
stage_2.pinion.n_b,0.575,0.05255326082489683,2.462279746922141
n_fatigue_ring_2,1.423,0.9612316169347004,3.3952440397866055
n_fatigue_keyway_1,1.06,0.11472937989756551,3.4301392478982584
stage_1.pinion.n_b,0.204,0.04442979868970549,1.5912422902722196
key_1.n_crush,0.519,0.12661346636612542,2.2019470032324984
n_fatigue_ring_2,0.8315,0.0012245142478882148,3.052064007127946
n_fatigue_keyway_2,1.3815,1.3143974252144854,3.114576633300666
n_fatigue_ring_2,0.514,0.04739001240937971,2.27257130004666
key_1.n_crush,0.29675,0.053266254693739246,1.8314512466406405
n_fatigue_ring_2,0.13510000000000003,0.004519868710088728,1.5039654671728369
n_fatigue_ring_1,1.043,0.14498205161039146,3.3573804301609615
n_fatigue_ring_2,0.673,0.10540240763158239,2.5687112685767106
n_fatigue_ring_2,0.458,0.3342945987408952,1.8858075793423514
n_fatigue_ring_2,0.9835,0.06991653448637958,3.2993495393949264
n_fatigue_keyway_1,1.16975,0.06668216863054027,3.7316956207561094
n_fatigue_keyway_1,1.015,2.5164871120834196,2.2890387514790818
n_fatigue_ring_2,0.398,0.009269224265606682,2.0478027864368533
stage_2.pinion.n_c,1.107,1.546490857435279,2.4968689993084574
key_1.n_crush,0.7725,0.6781391416544775,2.2135244568369465
stage_2.pinion.n_b,0.25275,0.013573353978526178,1.8010222926279962
stage_1.pinion.n_b,0.56,0.19233414158683412,2.2306062202990256
stage_2.pinion.n_b,0.4855,0.01798176195701049,2.2839514585045464
n_fatigue_keyway_2,1.782,0.10175125265842341,5.061080383369433
n_fatigue_ring_2,0.7395,0.8064117362583599,2.015299754119903
n_fatigue_ring_2,1.0895,0.29172051789836545,3.3184925607531666
n_fatigue_ring_2,0.1895,0.003607095223402109,1.6165080500541151
n_fatigue_ring_2,0.5014000000000001,0.02274777061896382,2.272486098952622
n_fatigue_keyway_2,0.823,0.025235776567908694,2.996717102243849
n_fatigue_ring_2,0.536,0.09739869541243834,2.28755647859829
key_1.n_crush,0.71125,1.1672811864598571,1.6063491434583324
n_fatigue_keyway_1,1.98,2.3129135826381404,4.454722606615775
key_1.n_crush,0.4302,0.1273031693114943,2.0015948445054432
stage_1.pinion.n_c,1.7865,0.9728567767975964,4.204499035285139
n_fatigue_keyway_2,0.808,0.05588229710507863,2.9237409956841502
key_1.n_crush,0.662,0.7832458619490303,1.866170168672254
n_fatigue_ring_2,0.264,0.005145014464261088,1.7890940652025416
stage_1.pinion.n_b,0.6375,0.01941765440341646,2.602029801082336
n_fatigue_ring_2,0.584,0.09552071591333987,2.3768812915685538
n_fatigue_ring_2,0.367,0.011939728862593557,1.986436432884786
n_fatigue_ring_2,0.946,0.27749890516035797,3.0162261437416715
n_fatigue_ring_2,0.385,0.29699069652924237,1.7376438263296956
stage_2.pinion.n_b,0.5435,0.27920507223170027,2.1162481872890795
n_fatigue_keyway_2,1.56,0.010383825552128266,4.666915501744615
n_fatigue_keyway_2,0.67975,0.12813755949134742,2.5583173267450867
n_fatigue_ring_1,0.855,0.059543016118811735,3.0195416871861047
stage_1.pinion.n_b,0.5928,0.1885773300508277,2.303966755039487
n_fatigue_ring_2,0.5385,0.0004823589106368382,2.4690509729636374
stage_2.pinion.n_b,0.5105,0.21294539167785562,2.104024597597013
key_1.n_crush,0.451,0.25334800200291185,1.9272452018261692
stage_2.pinion.n_b,0.2395,0.029306715926226933,1.6978336106062513
key_1.n_crush,0.386,0.2451840585606647,1.7887946436410473
stage_2.pinion.n_b,0.5048,0.07403964469506787,2.247348172585021
n_fatigue_ring_1,0.3109,0.016911044671924932,1.881977246155756
n_fatigue_keyway_1,0.939,0.3677591971036255,2.901093975112024
n_fatigue_ring_2,0.427,0.2734369979621269,1.8519662300721353
n_fatigue_ring_2,1.2115,0.2485826524910803,3.6315211607793914
stage_2.pinion.n_b,0.42160000000000003,0.03629810605128325,2.1203121645279266
stage_2.pinion.n_b,0.39775,0.014689060075560955,2.1079873777706823
key_1.n_crush,0.5855,0.5748578900129986,1.9070600381727054
stage_1.pinion.n_b,1.02675,0.6607421258862705,2.80499936686557
stage_1.pinion.n_b,1.6925,0.048370579183929466,4.923465033837034
stage_2.pinion.n_b,0.296,0.01589431642610159,1.8448467371294082
key_1.n_crush,1.16,0.32323768229979727,3.438402768434434
n_fatigue_ring_2,0.4668,0.01782771774557503,2.193492090304418
n_fatigue_keyway_1,0.663,0.03364130023546426,2.6249087878381356
n_fatigue_ring_2,0.538,0.32249349939606825,2.0540154129848998
n_fatigue_ring_2,0.9945,0.5301368888220731,2.8644016492575193
n_fatigue_ring_2,0.73575,0.01402812978041047,2.8033132891246013
n_fatigue_ring_2,0.68,0.05020714748413648,2.6694561516545283
n_fatigue_keyway_1,0.505,0.14174088132198856,2.1539588938858265
n_fatigue_ring_1,0.9255,0.07844338479080895,3.1733477471921128
stage_2.pinion.n_b,0.2031,0.020830000905996945,1.7335061226741382
stage_2.pinion.n_b,0.685,0.09627123673994062,2.631840310899186
n_fatigue_ring_2,0.929,0.12993689265189542,3.128833392247818
key_1.n_crush,0.5448,0.15025743217750448,2.2359552487471874
n_fatigue_keyway_1,0.386,0.05308290013673725,2.01809624223436
n_fatigue_ring_2,0.45,0.07772921444783022,2.097342454723633
n_fatigue_keyway_2,1.343,1.02979476077211,3.148123048129107
n_fatigue_ring_1,0.5205,0.09006693752635592,2.2708964796891906
stage_2.pinion.n_b,0.3348,0.06010955657008435,1.8975158683458366
stage_2.pinion.n_b,0.3453,0.09707301721454167,1.8595004134848416
n_fatigue_ring_2,0.672,0.00868298697555616,2.689348676506147
n_fatigue_ring_1,0.5555,0.03151008595648204,2.3965169461554234
n_fatigue_ring_2,0.7205,0.1171695243810561,2.6624384444795424
n_fatigue_ring_2,0.8645,0.013176710306204976,3.111868071472803
n_fatigue_ring_2,0.30975,0.07848788443857123,1.795123248531164
n_fatigue_ring_2,0.3668,0.009702559633890271,2.025875117154118
stage_2.pinion.n_b,0.16360000000000002,0.04616245306542738,1.5044307539248527
key_1.n_crush,0.485,0.38794816046022285,1.8679500535800726
n_fatigue_ring_2,0.41675,0.09855106412122225,2.0229347754132645
stage_2.pinion.n_c,0.8655,1.5411382537120286,1.958213198802167
n_fatigue_ring_2,0.877,0.036466608873186465,3.1186689059990935
n_fatigue_keyway_2,0.9875,0.6017507025154007,2.777924177801422
stage_2.pinion.n_b,0.3492,0.021796156831826924,2.0090046994944064
n_fatigue_ring_2,0.5095,0.5618368895022311,1.7469726778255732
n_fatigue_keyway_2,0.66,0.6094916675533715,2.039018672360056
stage_2.pinion.n_b,0.49639999999999995,0.03178058437606537,2.3198803273051607
n_fatigue_ring_2,0.327,0.081917989674514,1.830298008795974
stage_1.pinion.n_c,2.1055,2.5623571037028934,4.738097877352039
stage_1.pinion.n_b,0.4785,0.37688309895781763,1.8619735542914282
key_1.n_crush,0.5135,0.17491073050294775,2.1416919504810097
key_1.n_crush,0.42975,0.34550111992414706,1.7885629036013022
stage_1.pinion.n_c,1.794,1.489956951406759,4.042523948965668
stage_2.pinion.n_b,0.293,0.04739414516653714,1.8444947174897663
n_fatigue_ring_2,0.78875,0.8009111506122849,2.129777980777523
stage_2.pinion.n_b,0.3355,0.3016091206524312,1.6565340914113602
n_fatigue_ring_2,0.7345,0.3485193234705421,2.491254745925917
n_fatigue_ring_1,0.52725,0.30521459918947635,2.04735399145025
stage_1.pinion.n_b,1.005,0.19270881338351514,3.229626671469442
n_fatigue_ring_2,0.4215,0.06626085303438498,2.0786384564043856
stage_2.pinion.n_b,0.3244,0.06853348968984198,1.8617040936465825
stage_1.pinion.n_c,0.852,1.2186610845633719,1.9214138162279144
n_fatigue_keyway_1,0.297,0.03516844270529887,1.8647611597080505
key_1.n_crush,0.367,0.1920028717080319,1.8041706776123145
stage_2.pinion.n_b,0.4265,0.4265652804343956,1.722039521292144
stage_1.pinion.n_c,0.588,1.354527593752098,1.3357637272800347
n_fatigue_keyway_2,1.01,0.14568283302016202,3.283392179592705
stage_1.pinion.n_b,0.654,0.11544952583316273,2.5223992019300243
n_fatigue_ring_2,0.22775,0.0036522552615689445,1.798293679434756
n_fatigue_ring_2,0.3175,0.13542097859670413,1.7700443270302353
n_fatigue_keyway_2,0.5605,0.03882649812476308,2.3967127037361275
stage_2.pinion.n_b,0.22025,0.14013655737103758,1.553368345288661
stage_2.pinion.n_b,0.5088,0.038368473323620284,2.3264401090310343
stage_2.pinion.n_b,0.3085,0.07004601239295087,1.820498697198221
stage_2.pinion.n_b,0.25560000000000005,0.08839683092046123,1.667368074119472
n_fatigue_keyway_2,0.6505,0.1751199741230309,2.4639686046458595
n_fatigue_ring_2,0.968,0.026222765228574117,3.311047161637292
stage_2.pinion.n_b,0.467,0.22108216026924177,1.993228957649824
stage_2.pinion.n_b,0.302,0.17458909876161285,1.6892423848261249
key_1.n_crush,0.6025,0.20012187306303011,2.3169320667975684
key_1.n_crush,0.9495,0.302319013204068,2.987693580534552
n_fatigue_ring_2,0.647,0.8317743437469654,1.7845149196296486
stage_2.pinion.n_b,0.3165,0.26716401974364423,1.644268534784737
n_fatigue_keyway_1,0.573,0.024765203602502592,2.429315957577199
key_1.n_crush,0.8807999999999999,0.1268433144666188,3.0142363966517123
n_fatigue_keyway_2,0.847,1.6114015166109095,1.920886629352958
n_fatigue_ring_2,1.674,0.11308064815604031,4.8225420349180705
stage_2.pinion.n_b,0.66525,0.019973473618732276,2.7008292109144807
n_fatigue_ring_2,0.425,0.36396666914315984,1.7606064353401647
stage_1.pinion.n_b,0.5675,0.7719750754729353,1.6681133378740591
n_fatigue_ring_2,0.3155,0.03141179395380703,1.9237127733838852
n_fatigue_ring_1,0.78775,0.01381755446608379,2.949159353047981
n_fatigue_ring_2,0.88525,0.1941634277872392,2.966381563354299
n_fatigue_keyway_1,0.456,0.09078873026934485,2.0968557443368194
stage_2.pinion.n_b,0.2535,0.007208868867307549,1.875777981877121
n_fatigue_keyway_1,1.109,0.07209046178051451,3.5829028615123844
key_1.n_crush,0.658,0.9320216502969825,1.7118710889024897
n_fatigue_ring_2,0.386,0.3662183452186788,1.6717609120453467
n_fatigue_ring_2,0.5545,1.0461765829605458,1.3679750922085379
stage_2.pinion.n_b,0.32725,0.009606866645465475,1.978090936530482
stage_2.pinion.n_b,0.452,0.4666418593325898,1.716841739653124
n_fatigue_ring_1,0.9765,0.016519301012123608,3.3504132805725404
n_fatigue_ring_2,0.36,0.1715152403470506,1.8245175915003766
n_fatigue_ring_2,0.3242,0.040021882818989364,1.8736275058313088
stage_1.pinion.n_b,0.47375,0.18247366846281202,2.0413417768641033
n_fatigue_ring_2,0.4145,0.7482667640077237,1.3572072964188577
n_fatigue_ring_2,0.64325,1.0763521545336674,1.530071234287711
n_fatigue_ring_2,0.493,1.0861311458195226,1.1872300799542366
n_fatigue_keyway_2,0.861,0.7831139113639677,2.3100286183727783
stage_2.pinion.n_b,0.233,0.08943284683955671,1.6390332449478715
n_fatigue_ring_2,0.497,0.03986640389993339,2.244822631026967
stage_2.pinion.n_b,0.37025,0.4837078901181017,1.5311532865987525
n_fatigue_keyway_2,0.96,1.9085104636836645,2.1640116558415383
key_2.n_crush,0.4128,0.10912568709452432,1.98136962259477
n_fatigue_keyway_2,0.69675,0.0195553324645586,2.712991472274573
key_1.n_crush,0.6025,0.7411541993316272,1.7804403320938327
stage_1.pinion.n_b,0.7095,0.28460523884290717,2.4672315085466874
n_fatigue_ring_1,0.286,0.10394654531274387,1.7125361610500354
stage_2.pinion.n_b,0.3201,0.05654686659516776,1.8689165245447592
stage_2.pinion.n_b,0.411,0.07780141440459037,2.03533494624689
n_fatigue_ring_2,0.548,0.1026083835966822,2.306722491894484
n_fatigue_keyway_2,0.5685,0.019882271022761046,2.4201198795208265
n_fatigue_keyway_2,0.637,0.440368880194038,2.1702377342489876
n_fatigue_ring_1,0.671,0.014050744585067648,2.6561513470535365
n_fatigue_ring_2,0.36375,0.0747355640052175,1.9303999549884856
stage_1.pinion.n_c,0.94,1.7844878328281777,2.120967637394418
stage_2.pinion.n_b,0.32775,0.1612695223601189,1.7628778150018476
n_fatigue_keyway_1,0.9025,0.13130503612700892,3.0581345926645658
key_1.n_crush,0.6725,0.78579222918396,1.88766097482207
n_fatigue_ring_2,0.857,0.17011360985022098,2.9129796554022502
n_fatigue_keyway_2,0.3398,0.10451059514191371,1.8417618711704655
stage_2.pinion.n_b,0.2826,0.10052011210888133,1.709469142751027
stage_2.pinion.n_b,0.5898,0.037332048521299115,2.512220763590729
stage_1.pinion.n_c,0.7515,1.593613509240122,1.7006120227991846
n_fatigue_keyway_2,0.5865,0.011106485261661182,2.4762709077123968
stage_1.pinion.n_b,0.5065,0.1535044370519393,2.1465958377419376
n_fatigue_ring_1,0.4775,0.08881703976686542,2.172470373050042
n_fatigue_keyway_2,0.948,1.2177039219434418,2.13917143919699
stage_2.pinion.n_c,1.97,4.274948149551063,4.434209645954612
n_fatigue_ring_2,0.9055,0.19531588016749554,3.0089056253333277
stage_1.pinion.n_c,0.51175,1.1182619662720759,1.1953210217630093
n_fatigue_ring_1,0.831,0.13915764173277745,2.9007501639052586
stage_2.pinion.n_b,0.30860000000000004,0.04067153955009739,1.8556959306896397
n_fatigue_keyway_1,1.116,0.09106226372659007,3.573183914498923
n_fatigue_keyway_2,0.39775,0.01530450608539505,2.054825740375564
n_fatigue_keyway_2,1.0625,0.3846146491736802,3.161917986536089
n_fatigue_keyway_1,0.865,0.47853706207868424,2.63442954860537
stage_1.pinion.n_c,1.2405,1.8947742564841008,2.793340964264262
n_fatigue_keyway_2,0.67575,0.7092034582677117,1.9720083080529052
key_1.n_crush,0.40325,0.11279453896708178,1.9665604720082717
stage_1.pinion.n_c,0.8455,1.8811388638195148,1.9075667770496256
n_fatigue_ring_2,0.409,0.07939064625352979,2.0290058134263482
key_1.n_crush,0.6885,1.106354302465298,1.601108515422569
stage_1.pinion.n_b,2.621,0.4235096384572195,6.628370331066459
n_fatigue_ring_2,0.638,0.7423105874961291,1.8629433300453315
key_1.n_crush,0.445,0.18346820883082385,1.9754718982089265
n_fatigue_keyway_1,0.426,0.21387685669237705,1.913111816343166
stage_1.pinion.n_c,0.579,1.0176066726492183,1.4447752178719755
stage_2.pinion.n_b,0.1115,0.007304233799636021,1.5237544940012973
stage_2.pinion.n_b,0.8645,0.16409188277270767,2.9604527151899043
stage_2.pinion.n_b,0.6145,0.02623897309085244,2.6180215284698005
n_fatigue_keyway_2,1.2375,0.8838511429410424,3.0608617088957577
n_fatigue_keyway_2,0.493,0.05061605606513685,2.226390856097291
stage_2.pinion.n_b,0.23275,0.007941040716161408,1.8043265077191177
stage_1.pinion.n_b,0.7646000000000001,0.13671948575429554,2.739249438441119
n_fatigue_ring_2,0.36040000000000005,0.03155094286972234,1.986545823799215
n_fatigue_keyway_2,0.707,0.285490275984297,2.476929473468468
n_fatigue_keyway_2,0.45375,0.3523616483484107,1.8544039562847041
stage_2.pinion.n_c,0.58075,1.1438338627103368,1.323006604486454
n_fatigue_ring_2,1.1335,0.12430248010994067,3.5893940354190526
n_fatigue_keyway_2,0.4585,0.2799043655122741,1.9205858278012058
stage_2.pinion.n_b,0.59525,0.10093198660864225,2.44185144512073
key_1.n_crush,0.347,0.1157490292336642,1.8338798883198024
n_fatigue_keyway_1,0.32825,0.015492186619490174,1.9514638879449222
n_fatigue_ring_2,0.66775,0.12358370330026193,2.5471183238069792
stage_1.pinion.n_b,0.6395,0.16559829470599155,2.433065742107833
stage_1.pinion.n_b,0.518,0.7739608286352997,1.5505822118319843
stage_1.pinion.n_b,0.4205,0.5652024781263626,1.5383793572842979
n_fatigue_ring_2,0.7055,1.033109361223374,1.7209055353287455
n_fatigue_ring_2,0.3215,0.05650158246966581,1.8538853056411373
stage_2.pinion.n_b,0.442,0.6068454823805639,1.5664479331573762
n_fatigue_ring_2,0.8555,1.3666294044050846,1.9317787741193384
stage_2.pinion.n_c,0.698,1.1995262269101306,1.5859097840384273
stage_2.pinion.n_c,0.671,1.5849001544796864,1.527617977189558
n_fatigue_ring_2,0.896,0.34697014363064765,2.830027639934085
n_fatigue_ring_2,0.34025,0.44875395019125514,1.4886271208249204
n_fatigue_ring_2,0.633,0.4501077520707972,2.1378510328431446
n_fatigue_keyway_1,1.075,0.421920668088521,3.154656606295329
stage_1.pinion.n_b,0.54465,0.09151962453674442,2.301786019050223
n_fatigue_ring_2,0.75625,0.6493877096268471,2.2189222615458277
n_fatigue_ring_2,0.5645,0.4604402167285908,1.9666212353288626
n_fatigue_ring_2,0.4995,0.02618768423616443,2.2634478488862015
key_1.n_crush,0.69,0.6591894494896975,2.0591141777404607
stage_2.pinion.n_b,0.39675,0.6014094310010231,1.4640075772781773
n_fatigue_ring_2,0.2055,0.024017544781499152,1.6195558546539395
n_fatigue_ring_2,0.419,0.010859928437249622,2.1317293612677575
stage_2.pinion.n_c,0.77875,1.449828868638667,1.7634023938153667
stage_1.pinion.n_b,0.919,0.05333657682857992,3.178560263392474
n_fatigue_ring_1,0.457,0.0887103460030941,2.145601868405665
n_fatigue_ring_2,0.49175,0.004569833712488817,2.2804851317896513
n_fatigue_ring_2,0.51175,0.5871142212341915,1.7250739460089441
n_fatigue_ring_2,0.827,0.0746489811700945,2.9454889765238046
key_1.n_crush,0.5895,0.6859953678449352,1.8220494447935418
n_fatigue_ring_2,0.5105,1.2459583622449144,1.1580124982857805
n_fatigue_ring_2,0.69,0.5778111709982274,2.1455122821754573
n_fatigue_ring_2,0.5615,0.23154966720256578,2.197705932817257
stage_1.pinion.n_c,0.6075,1.1650891727971437,1.3783324441153957
n_fatigue_ring_2,0.5125,0.4103170711089655,1.9108202649430153
stage_2.pinion.n_b,0.42225,0.014963810087429247,2.1463460788221025
n_fatigue_keyway_1,0.738,0.10828810801401802,2.731762139036398
n_fatigue_ring_2,0.8725,0.4324785422226897,2.6893068710265524
n_fatigue_keyway_2,0.8235,0.18366893367223097,2.8270791826718153
n_fatigue_keyway_1,0.77375,0.07914137086657844,2.822528209087271
stage_1.pinion.n_b,0.268,0.11783253590780286,1.6587571190073982
stage_2.pinion.n_b,0.2728,0.045379843003098545,1.7722143950920903
n_fatigue_ring_2,0.7815,1.12585178795802,1.7929505488369575
n_fatigue_ring_2,0.27025,0.012723016498708878,1.7808788919033016
stage_2.pinion.n_b,0.44039999999999996,0.05178386530862861,2.1507277815603874
n_fatigue_ring_1,0.61075,1.1180485154073858,1.4221471292036176
n_fatigue_keyway_2,2.367,0.3802488162504842,6.0995466797961235
stage_2.pinion.n_b,0.29375,0.1290416950258873,1.7135877943799034
n_fatigue_ring_2,0.971,0.8624859427456152,2.4899081395035396
stage_1.pinion.n_c,1.0325,1.002055578539181,2.477869493837698
n_fatigue_ring_2,0.417,0.13306369646464047,1.9841263890028318
stage_2.pinion.n_b,0.3835,0.045246659460005605,2.0567760187838213
stage_2.pinion.n_c,0.632,1.3560460848619775,1.4378656794933866
n_fatigue_keyway_2,0.545,0.04803955027199801,2.3397424487911462
key_1.n_crush,1.107,0.7551892182217989,2.8906586260410414
n_fatigue_ring_2,0.634,0.49432028545058687,2.1076418348976547
stage_2.pinion.n_b,0.4175,0.054960154858085884,2.0990454835832533
n_fatigue_ring_2,0.611,0.44994880891065137,2.0917742913817627
n_fatigue_ring_2,0.656,0.6162307727259403,2.0217755805797415
n_fatigue_keyway_1,1.268,0.48418439313315187,3.5297493904951915
n_fatigue_ring_2,0.42225,0.27001635035878013,1.8605018827045567
n_fatigue_ring_2,0.4495,0.14853757420163177,2.0435858390974295
stage_2.pinion.n_b,0.5205,0.0046752104371864936,2.5276301232545753
stage_2.pinion.n_b,0.34525,0.18487768202586602,1.7883851049486983
n_fatigue_ring_1,0.6065,0.02778206432551128,2.5418604720074565
n_fatigue_keyway_1,1.096,1.1072732561980538,2.515968040724787
n_fatigue_ring_2,0.7245,1.156311669077311,1.636770137670813
stage_1.pinion.n_c,0.984,1.6397730054587099,2.2186888860206753
n_fatigue_keyway_2,0.8225,0.030908151115638962,2.97918740293515
n_fatigue_ring_2,0.322,0.008755468667163632,1.8950370008108506
stage_1.pinion.n_b,0.77375,0.7588125058506164,2.140050256769527
stage_2.pinion.n_b,0.215,0.06954119548490667,1.628108737549724
key_1.n_crush,1.3025,1.212446420693206,2.9340793275989716
n_fatigue_keyway_1,1.17,0.3045477323230655,3.481625187339685
n_fatigue_ring_2,0.50575,0.47451186647849786,1.8247518113999928
n_fatigue_ring_2,0.408,0.28844880826299946,1.8000725747682487
n_fatigue_ring_2,0.82725,1.3903853909699024,1.8721555274822346
n_fatigue_keyway_1,0.694,0.10048372096426304,2.661690233826798
n_fatigue_keyway_2,0.872,0.04840378616757056,3.0725845041898743
stage_2.pinion.n_b,0.4795,0.2782039170804465,1.9967493943282633
stage_2.pinion.n_b,0.33080000000000004,0.04674252857291246,1.9044348797972672
n_fatigue_ring_2,0.592,0.3114482598646116,2.1845748489214234
key_1.n_crush,0.586,0.20424799366663252,2.2913992138886976
key_1.n_crush,0.2282,0.035826513182624656,1.6708221409621506
stage_2.pinion.n_c,0.878,2.112147175559591,1.9852266712164581
n_fatigue_keyway_1,0.5705,0.3314952222562453,2.1183169850863335
n_fatigue_ring_2,0.638,0.24051766641321454,2.3645962826973697
n_fatigue_keyway_2,0.947,1.4857398446191772,2.136094144144684
n_fatigue_ring_2,0.7045,0.6376515301254372,2.1128968335921554
key_1.n_crush,0.44375,0.37782245927795527,1.8136244023777377
n_fatigue_keyway_1,0.9615,0.21345460574160702,3.1039061055704273
n_fatigue_ring_2,0.8855,1.0617387244963556,2.086879001223402
n_fatigue_keyway_2,0.637,0.12030113444612353,2.4734846629063965
key_1.n_crush,0.20215,0.10075883374686384,1.5467717013013635
n_fatigue_ring_2,0.524,0.09553196943199929,2.2663482572376616
stage_2.pinion.n_b,0.19590000000000005,0.026947324884737146,1.6497932579734464
stage_2.pinion.n_b,0.551,0.4273899653055814,1.9777343525971387
stage_1.pinion.n_b,0.95,0.2736602691725469,3.0237906913053365
key_1.n_crush,0.65325,1.0369941661414934,1.5926676203652002
stage_2.pinion.n_b,0.5805,0.07308883203718845,2.4467858144372885
stage_2.pinion.n_b,0.306,0.014812999291244187,1.8950712838656876
stage_1.pinion.n_b,0.63725,0.21991440571865228,2.369978478379964
n_fatigue_ring_2,0.9825,0.9866527363131039,2.3803933712076595
key_1.n_crush,0.728,0.7710436164542263,2.0248397759702135
n_fatigue_keyway_1,0.44325,0.04470490342957292,2.125052671860265
key_1.n_crush,0.4565,0.11752223461991643,2.0722352449690167
stage_2.pinion.n_b,0.38535,0.04638078467077595,2.029106891635732
n_fatigue_ring_2,0.9915,1.1689722404080551,2.239798169588814
n_fatigue_keyway_1,0.636,0.03658389388877758,2.5674955644919013
stage_2.pinion.n_c,0.775,1.1782869809167902,1.7647802821068288
n_fatigue_ring_2,0.953,0.0043869754241775095,3.2991016531614177
stage_2.pinion.n_b,0.24,0.07487749348833653,1.6536123508146003
n_fatigue_ring_2,0.9405,0.42980399547155,2.8511873807314894
n_fatigue_ring_1,1.049,0.06402530184842274,3.4877668132712922
stage_2.pinion.n_b,0.338,0.21918115263799667,1.7183612462863063
n_fatigue_keyway_1,0.684,0.30946986005977856,2.3994404594600334
n_fatigue_keyway_1,0.721,0.18950241872458745,2.591996477153347
n_fatigue_ring_2,0.881,1.7845348167247124,1.990442324289785
stage_2.pinion.n_b,0.357,0.4120635867064644,1.5753361118286937
key_1.n_crush,0.326,0.18330619515317792,1.720117304548745
n_fatigue_ring_2,0.3965,0.3838841495897632,1.6892838968150836
key_1.n_crush,0.39225,0.4428559534346179,1.6113212170885396
n_fatigue_ring_2,0.43125,0.3331467401275064,1.8159057865975292
stage_2.pinion.n_b,0.29669999999999996,0.0398756835154115,1.8294012180902266
n_fatigue_keyway_2,1.02475,0.6906882801376845,2.7723106412320093
n_fatigue_keyway_1,1.0315,0.4228682179148781,3.0563771208142674
n_fatigue_ring_2,0.609,0.16332166232646592,2.385272172894406
stage_2.pinion.n_b,0.59075,0.6484858714916928,1.8699262745816418
key_1.n_crush,0.59175,0.26974562032389476,2.2339848575580037
n_fatigue_ring_2,0.43,0.04259531209608776,2.093431435996528
stage_2.pinion.n_b,0.628,0.5166476331071042,2.0739390609231623
n_fatigue_keyway_2,0.85,0.36467618189768175,2.706556120214262
n_fatigue_ring_2,0.971,0.05431312474018517,3.3131849670517863
n_fatigue_ring_2,0.4125,0.06990219992645615,2.045333431375053
n_fatigue_ring_2,0.64,0.791533709902904,1.8108068164708435
key_1.n_crush,0.4588,0.03253714257032922,2.1654933775849585
n_fatigue_keyway_2,0.542,0.1417571897382588,2.237523740604209
stage_1.pinion.n_b,0.34775,0.12313253208826064,1.8237407330906368
n_fatigue_keyway_1,1.5,0.6678266225855812,3.860583874536854
stage_2.pinion.n_c,0.70175,1.9691247383065484,1.5944329681199583
key_1.n_crush,0.523,0.6750616298825229,1.6682476296254563
n_fatigue_ring_2,0.70475,0.8212681282480135,1.9295867520539456
stage_2.pinion.n_b,0.248,0.0810156743878963,1.6693614363177394
stage_2.pinion.n_b,0.33675,0.1405174587151233,1.8275900916877947
n_fatigue_keyway_1,0.947,0.034780386249453635,3.2688758627951895
key_1.n_crush,0.476,0.7454113802272269,1.5005131377061323
n_fatigue_ring_2,0.5815,0.39472453301073773,2.080674144597997
n_fatigue_ring_2,0.20520000000000002,0.005875881490457418,1.7155804634909908
n_fatigue_ring_2,0.9555,0.17905740273337253,3.154041202238053
n_fatigue_keyway_2,0.721,1.0544451246598523,1.7257396490052073
n_fatigue_ring_1,0.484,0.05245454487472605,2.196781982389735
stage_1.pinion.n_b,0.6492,0.0661967134335934,2.562267855917663
n_fatigue_keyway_1,0.707,0.1949159818115964,2.5511437887677024
stage_1.pinion.n_c,1.444,3.148095120786744,3.2518375894568776

n_fatigue_ring_2,0.1185,0.002678299018561497,1.5065759033154045
stage_2.pinion.n_b,0.44,0.14014219892003318,2.0246189634781735
stage_2.pinion.n_b,0.2725,0.055675343791654675,1.7693893750017409
stage_2.pinion.n_b,0.2195,0.12442259845098709,1.547348742840448
n_fatigue_keyway_2,0.6,1.174446515939932,1.3636260114686034
n_fatigue_keyway_1,1.169,0.35683665299075307,3.429204159587442
n_fatigue_ring_2,0.579,0.36792118647665695,2.108442536033883
stage_2.pinion.n_b,0.34940000000000004,0.027994443077903546,1.9903917027366047
n_yield_keyway_1,1.82,2.018422883401982,4.096949798325604
stage_2.pinion.n_b,0.524,0.7754655903997802,1.5642571105369152
stage_2.pinion.n_c,0.819,2.053085499847691,1.854372936503721
stage_2.pinion.n_b,0.273,0.007595006166714488,1.8417732191228218
n_fatigue_ring_2,0.79875,0.7529239453131574,2.20172278625703
stage_2.pinion.n_b,0.28,0.059260425084490885,1.7757702545482965
stage_2.pinion.n_b,0.39975,0.008497491300549994,2.1558271265676763
n_fatigue_keyway_1,0.981,0.23323802044040828,3.132018862758516
n_fatigue_ring_1,0.704,0.13763574552473104,2.6112845855387494
key_1.n_crush,0.761,0.2565877420992583,2.611043706957418
key_1.n_crush,0.563,0.5553194008960107,1.8694907484953458
n_fatigue_ring_2,0.423,0.25536416123917544,1.8782030164138654
stage_2.pinion.n_b,1.277,0.9004890092607141,3.15719363893247
stage_2.pinion.n_b,0.487,0.2399051440041069,2.030933658958131
n_fatigue_ring_2,0.6585,0.03161203776299581,2.6163579642153363
n_fatigue_ring_2,0.5999,0.015422804195492447,2.5341354137584755
stage_2.pinion.n_b,0.32,0.15686673883132404,1.750839084672921
n_fatigue_ring_1,0.555,0.15940723534344658,2.260646737564124
n_fatigue_keyway_1,0.6155,0.1601850646469413,2.4086663066561615
stage_2.pinion.n_b,0.368,0.515934937872431,1.490802048799338
stage_1.pinion.n_c,0.591,1.5524294335793942,1.3419552902870322
n_fatigue_keyway_2,0.835,0.9553928356324408,2.084009738466568
stage_2.pinion.n_b,0.3205,0.0424680111060539,1.8947695505450344
key_1.n_crush,0.668,1.0112568238013835,1.6502646414314206
n_fatigue_ring_2,0.55975,0.4048605318937259,2.018457663547499
stage_2.pinion.n_b,0.21080000000000002,0.014799480666347951,1.7598391061778385
n_fatigue_ring_2,0.703,0.3073040100948913,2.4442978073742747
stage_1.pinion.n_b,0.5265,0.030123681153670166,2.3247784601599326
n_fatigue_ring_1,0.38425,0.3069591539910751,1.7356406508612503
n_fatigue_ring_1,0.35860000000000003,0.015796497920192325,1.9995062258012541
n_fatigue_keyway_2,0.846,0.27290259194591804,2.78149292545793
n_fatigue_ring_2,0.521,0.5511222555779394,1.7900764041564026
key_1.n_crush,0.38125,0.5028171301252236,1.5235971528409937
stage_1.pinion.n_b,1.02075,0.17388622040151744,3.2868051494406485
stage_2.pinion.n_b,0.3985,0.016761838865842968,2.1588868432396047
n_fatigue_ring_2,0.5775,0.5180669707972857,1.9422140027439998
n_fatigue_ring_2,1.087,1.6839753328037472,2.455509530804907
n_fatigue_keyway_2,0.546,0.039889676355325136,2.351827605241029
n_fatigue_keyway_2,1.05,0.1610265946926504,3.3567851296447127
key_1.n_crush,0.5775,0.2615369480750939,2.205037609197008
key_1.n_crush,0.773,0.24309705000332993,2.6477324193830616
stage_2.pinion.n_b,0.349,0.3904555064990814,1.557016051171175
n_fatigue_ring_2,0.49425,0.08699899254614367,2.2066137813822766
n_fatigue_keyway_2,0.648,0.4114645403476766,2.2063569983456004
n_fatigue_keyway_1,1.0675,0.5650450941690096,3.011101391833812
n_fatigue_ring_2,0.71,1.1315251831325457,1.6226579943155663
n_fatigue_ring_2,0.5035,0.06445331603031708,2.240950115206777
n_fatigue_ring_2,0.735,1.7214807499291027,1.6610337466598417
stage_2.pinion.n_b,0.5735,0.015864981831009307,2.4993926723311133
n_fatigue_ring_2,0.3785,0.2930580083581109,1.728081594196054
stage_2.pinion.n_b,0.3876,0.0395667225734466,2.0492393109188227
stage_2.pinion.n_b,0.2,0.06305571863798111,1.5801700534918524
n_fatigue_ring_1,0.40175,0.1989118812323589,1.876202385484308
n_fatigue_ring_2,0.54725,0.6580103841727094,1.7380197160144046
stage_1.pinion.n_c,1.08,1.3658588140485557,2.432704515104301
stage_1.pinion.n_b,0.2652,0.13459042530263912,1.6434312601395757
n_fatigue_ring_2,0.31675,0.024569525225103264,1.85878946022798
n_fatigue_ring_2,0.279,0.010525669594175164,1.7939327156285223
stage_2.pinion.n_b,0.379,0.24282599935510685,1.7882993969514234
stage_1.pinion.n_c,0.615,1.338130578807697,1.3927219179910362
stage_2.pinion.n_b,0.86,0.4086037606151702,2.695792938554025
n_fatigue_ring_2,0.7395,0.8054998805753942,2.0156019436284076
n_fatigue_ring_2,0.37,0.2588459660842836,1.7677281040137072
stage_1.pinion.n_c,0.9225,1.512385537423749,2.0811005352118284
stage_2.pinion.n_b,0.252,0.04567822998397501,1.713643768339403
n_fatigue_keyway_1,0.54275,0.014261906235444221,2.3977213719947246
stage_2.pinion.n_b,0.441,0.4038928202422112,1.7527403280888956
n_fatigue_keyway_1,0.4365,0.10714078405225161,2.0434237503159816
n_fatigue_ring_1,1.0205,0.6423293170436783,2.8093492270691036
stage_2.pinion.n_b,0.5207999999999999,0.02522533440645062,2.3690371627105704
stage_2.pinion.n_b,0.2485,0.1568671898495077,1.597086975404667
stage_2.pinion.n_b,0.47625,0.6300280073775705,1.6035570158850019
n_fatigue_ring_1,0.64375,0.06710958590907468,2.539020492605097
n_fatigue_ring_2,0.50675,0.013759925760646085,2.288167491526875
stage_2.pinion.n_b,0.5615,0.06492509546122367,2.386206789408148
n_fatigue_keyway_1,0.75125,0.0778384833041138,2.7696637069227195
n_fatigue_keyway_1,0.9945,1.5114690497657952,2.248815071639103
n_fatigue_ring_2,0.7505,0.0685442567512861,2.7846926925584525
n_fatigue_ring_2,0.3595,0.0018395520065765736,1.9933244971151267
n_fatigue_ring_2,0.419,0.006174633361740754,2.1994319535985687
n_fatigue_ring_2,0.793,0.46779838101452964,2.48083246652949
n_fatigue_ring_2,0.3015,0.18907142522811365,1.6675723362421122
stage_2.pinion.n_b,0.17715000000000003,0.024535201343773974,1.5970052513030637
n_fatigue_ring_1,0.3365,0.08115922132249198,1.8538456497213427
n_fatigue_keyway_2,0.9715,0.21609837557155603,3.144611593721831
n_fatigue_ring_2,0.7075,0.7587409310793097,1.993853993747307
n_fatigue_ring_2,0.355,0.369173883616441,1.6038545615294442
n_fatigue_ring_1,0.5875,0.2083493795014816,2.2761164234674798
stage_2.pinion.n_b,0.68025,0.016096354294346603,2.7522926374537056
stage_2.pinion.n_b,0.38880000000000003,0.06031546832543473,2.00238878802806
n_fatigue_ring_2,0.457,0.1611510219792232,2.0433012554833168
key_1.n_crush,0.3175,0.37912724603662407,1.5151933946382095
n_fatigue_keyway_1,0.8105,0.668383337704438,2.316327744888961
n_fatigue_ring_2,0.891,2.1039002153223354,2.0150743835259384
stage_2.pinion.n_b,0.3055,0.057882475949114005,1.8191510605209105
stage_1.pinion.n_c,1.087,2.234467409139109,2.4519617613869413
n_fatigue_keyway_2,0.746,0.2358461901210042,2.620710065911518
n_fatigue_ring_2,1.004,1.6370822680983605,2.262232887280759
stage_2.pinion.n_b,0.366,0.15038848893903986,1.8545384795304116
n_fatigue_keyway_2,1.051,0.5681685268608568,2.9555870672629747
n_fatigue_ring_2,0.705,0.012272393024697369,2.7370606445162706
n_fatigue_ring_1,0.54,0.07569579643469243,2.3002516678651608
stage_2.pinion.n_b,0.4158,0.04415324671128131,2.0779217781522883
n_fatigue_keyway_1,0.56,0.18012979616516997,2.246509392059133
stage_2.pinion.n_b,0.154,0.051300881885007296,1.4863073462877738
key_1.n_crush,0.41625,0.122229029999186,1.9774726256940574
key_1.n_crush,0.674,0.2177187882117952,2.4500589277465514
n_fatigue_ring_2,0.878,0.9031511857385056,2.2351734955350695
stage_2.pinion.n_b,0.60375,0.8999604513478361,1.629288877417552
n_fatigue_ring_2,0.3325,0.07059407703236553,1.8438786605806023
n_fatigue_keyway_2,0.7195,0.36300459454598444,2.4106053004370427
n_fatigue_ring_2,0.70825,0.11471751473548682,2.6372374568612735
n_fatigue_keyway_2,0.572,0.03152572095774211,2.430625594909063
n_yield_keyway_1,1.3575,0.05642162086256131,4.156162323160708
key_1.n_crush,0.407,0.1157490292336642,1.964136592408637
stage_2.pinion.n_b,0.3744,0.0700989622941663,1.9639937664179945
n_fatigue_keyway_2,0.6255,0.5334300965198984,2.03388513219381
stage_2.pinion.n_b,0.15640000000000004,0.03203019406052081,1.5082138540325594
n_fatigue_ring_2,0.9975,2.185652242607878,2.253978912980619
n_fatigue_ring_2,0.538,0.3338574929685165,2.0357765209311727
n_fatigue_keyway_1,1.012,0.5654345401217206,2.8791959978016566
n_fatigue_ring_2,0.633,0.5685069727472283,2.019880205764997
n_fatigue_keyway_1,0.685,0.06088528320786936,2.6402884587708937
stage_2.pinion.n_c,0.796,1.8636674878393928,1.8071654406271718
n_fatigue_ring_2,0.9505,0.15862266880601622,3.145155564463451
n_fatigue_ring_2,0.726,0.08834478781643354,2.736513762206807
n_fatigue_ring_2,0.5255,0.4621288350330637,1.8900444124147866
stage_2.pinion.n_b,0.45025,0.5306792662143379,1.657453751866463
n_fatigue_ring_2,0.43775,0.25620488037603373,1.8992947470875796
stage_1.pinion.n_c,1.048,1.5191677618026977,2.3602736626556147
n_fatigue_ring_1,0.8715,0.7031535255591391,2.4161401162411487
stage_2.pinion.n_b,0.2615,0.04104810771714745,1.7704515358400412
n_fatigue_ring_1,0.3275,0.01953879731393045,1.9065404591943518
stage_2.pinion.n_b,0.39675,0.5322115552496933,1.537981223325955
stage_2.pinion.n_b,0.379,0.008485423805628077,2.083814006360335
n_fatigue_keyway_1,0.713,0.4172156325397525,2.3489859285049564
n_fatigue_keyway_2,0.83,0.011257557615303837,3.0156456020530653
n_fatigue_ring_2,0.54325,0.07640682736723595,2.3053667112369323
key_2.n_crush,0.629,0.0935792713072323,2.5054231177467723
stage_2.pinion.n_b,0.5688,0.032598513587653165,2.473014759769841
n_fatigue_ring_1,0.265,0.012326636056251393,1.8063934296350772
n_fatigue_ring_2,0.7345,0.5010306623885266,2.3145455810370716

n_fatigue_keyway_2,1.1055,0.8052687793062386,2.8375383034729253
n_fatigue_ring_2,0.5835,0.2807540371154826,2.221746504759473
stage_2.pinion.n_b,0.4565,0.052861458854191294,2.2021266861741404
n_fatigue_ring_2,0.108,0.00382441734193142,1.4593510490336699
n_fatigue_ring_1,0.4305,0.07747307020905433,2.076225341915901
key_1.n_crush,0.31625,0.429714002530809,1.4694627127081916
n_fatigue_ring_2,0.668,0.022506721480846235,2.641644800601912
n_fatigue_ring_2,0.38875,0.1407552678161022,1.9068088782876638
n_fatigue_ring_2,0.3595,0.04092654098070218,1.9765057017038894
n_fatigue_keyway_2,1.468,0.22667325607770375,4.228711998692467
n_fatigue_ring_1,0.872,0.23733700622299927,2.889196868088824
stage_1.pinion.n_b,0.4259,0.07727162217160483,2.0423411850840227
n_fatigue_ring_1,0.5425,0.8734783510754465,1.512679313910984
key_1.n_crush,0.476,0.43523387715363704,1.8054099057895356
n_fatigue_ring_1,0.5815,0.6425563643328854,1.8321375629129601
stage_2.pinion.n_b,0.753,0.6499576559873782,2.218651230958676
n_fatigue_ring_2,0.89,0.7130273557418484,2.4530073709831055
stage_2.pinion.n_b,0.2185,0.09132586902531768,1.587251263445178
key_1.n_crush,1.078,0.2969844850129911,3.284561818554729
n_fatigue_ring_2,0.43425,0.5026458728625928,1.6417916498547602
stage_2.pinion.n_b,0.539,0.3792886325168099,2.00308921166088
n_fatigue_keyway_1,0.7455,1.1046896788106253,1.7337748176314292
stage_1.pinion.n_c,1.3015,0.8777605277710511,3.2051387136029312
stage_1.pinion.n_c,1.275,2.6829821166967722,2.872238928388104
stage_2.pinion.n_b,0.454,0.201019979580426,2.015396640274525
stage_1.pinion.n_c,0.68675,0.8593050010979131,1.845444625123684
stage_2.pinion.n_b,0.679,0.5081449109978657,2.1945583418768577
n_fatigue_ring_2,0.634,0.03534012863554388,2.5579381171853965
stage_2.pinion.n_b,0.5192,0.06236033449791346,2.2841050326483874
n_fatigue_ring_2,0.57,0.8324301282479027,1.6116998912084857
stage_2.pinion.n_b,0.452,0.18615341170048544,2.0089987599687005
n_fatigue_ring_2,0.6765,0.5607189086484927,2.1198724446974104
n_fatigue_ring_2,0.419,0.06386344596900576,2.057285304772643
stage_1.pinion.n_b,0.2145,0.027731061528201748,1.6320303271705998
stage_2.pinion.n_b,0.2105,0.06567452807231994,1.5864081476053093
n_fatigue_ring_2,0.433,0.03636615514340528,2.1096023681069678
n_fatigue_ring_2,0.273,0.04049079879348185,1.7700291042338565
n_fatigue_ring_2,0.497,0.8788975522702032,1.399211574291241
n_fatigue_ring_2,0.3605,0.23381590189916643,1.7431179569034654
n_fatigue_keyway_1,0.728,0.05697738012473284,2.7515816050638184
key_1.n_crush,1.03,2.5020088340737976,2.322726218838466
stage_2.pinion.n_b,0.26325,0.002728604678371159,1.968855358260575
stage_1.pinion.n_c,1.188,1.0686728734331443,2.7591557771075785
n_fatigue_keyway_1,0.471,0.09186367220036562,2.14967911182004
key_1.n_crush,0.48925,0.4505709730332654,1.8114308987730332
key_1.n_crush,0.26265,0.030507827973861,1.7362834754133054
n_fatigue_ring_2,0.373,0.20563440212966638,1.8056237165881808
n_fatigue_keyway_2,0.842,1.8366759339803853,1.9025735476316927
stage_1.pinion.n_c,0.79325,2.033897945847356,1.7896384089333177
n_fatigue_ring_1,0.596,0.27312561346044334,2.2343430339506134
stage_2.pinion.n_b,0.4055,0.17714273824806206,1.9044152998221697
stage_2.pinion.n_b,0.4122,0.06735765823706424,2.0412422130392534
n_fatigue_ring_2,0.76,0.2407166474229239,2.6344669210854166
stage_1.pinion.n_c,1.02025,1.906378541162398,2.298927038559985
key_1.n_crush,0.618,0.10910247945972892,2.4368702929847426
n_fatigue_ring_2,0.73425,0.4814849245086188,2.3518939650592037
stage_2.pinion.n_b,0.39275,0.20773156863059994,1.8584029679022702
n_fatigue_ring_2,0.783,0.4130804359197053,2.521373755875544
stage_1.pinion.n_b,0.695,0.2246797935370543,2.489896237736055
stage_2.pinion.n_b,0.337,0.5218913043412942,1.4157975360297634
stage_1.pinion.n_b,0.30675,0.02125012094713226,1.8387428190738713
stage_2.pinion.n_c,0.8735,1.648268357249392,1.9730028674779567
stage_2.pinion.n_b,0.21580000000000002,0.061467735325079126,1.6021700262957432
stage_2.pinion.n_b,0.60175,1.0366674489851584,1.4858378292711882
stage_2.pinion.n_b,0.475,0.41676266690092717,1.8246886731235856
n_fatigue_ring_2,0.79575,0.6661832955244822,2.2863020020147
stage_2.pinion.n_b,0.288,0.06077805136366949,1.7765862508614674
n_fatigue_ring_1,0.4505,0.009141893635450173,2.1834705405413963
n_fatigue_ring_2,0.59,0.06234410174445118,2.4266650802085343
stage_2.pinion.n_b,0.24860000000000002,0.0415486503986212,1.7451419842057396
key_1.n_crush,0.54125,0.2830223787189002,2.0945991634251224
n_fatigue_ring_2,0.5295,0.14892273362575262,2.215863950798678
stage_1.pinion.n_c,1.015,3.066951891093665,2.2920273847470045
n_fatigue_keyway_2,1.07,0.4229457860534564,3.135411840940017
n_fatigue_ring_2,0.557,0.8544201191487847,1.5592949930039934
n_fatigue_ring_2,0.44800000000000006,0.026895792685199288,2.196258380111623
stage_1.pinion.n_c,0.75375,1.8697789167556451,1.7031173666830142
n_fatigue_keyway_2,0.829,0.07225202809645938,2.950594249618513
stage_2.pinion.n_c,0.93675,1.5026977551470364,2.1183747888766793
stage_2.pinion.n_b,0.225,0.09438933080928295,1.595026277418661
stage_2.pinion.n_b,0.2255,0.07191174183323706,1.620814937246556
n_fatigue_ring_2,0.49975,0.13311678084419237,2.1757908161456876
n_fatigue_keyway_2,0.704,1.004141314991935,1.7419185423869203
key_1.n_crush,0.749,0.11875795103968997,2.7206691638195415
stage_2.pinion.n_c,0.882,2.145550002470508,1.9940188526569893
n_fatigue_ring_2,0.4285,0.04939668581323656,2.117956275243614
stage_1.pinion.n_b,0.5035,0.4517194011954015,1.8401876860847257
key_1.n_crush,0.9075,1.3920000911416286,2.046886935218449
stage_1.pinion.n_c,0.441,1.070511343632783,1.084882993099629
n_fatigue_ring_2,0.95125,0.1410964369463632,3.187465696242593
stage_2.pinion.n_b,0.3065,0.2280360370325265,1.6577176255989674
n_fatigue_ring_2,0.8585,0.6070717231241298,2.4838193449198585
stage_2.pinion.n_b,0.433,0.020262014256645797,2.1563645889724548
n_fatigue_keyway_2,1.0305,2.077038568023949,2.326701084847572
n_fatigue_ring_2,0.51,0.12371879513864613,2.186625952950198
stage_2.pinion.n_b,0.4535,0.07504858397986792,2.161146562004091
n_fatigue_ring_2,0.494,0.1851029866554325,2.0938094727930805
n_fatigue_ring_2,0.764,1.0901166664851456,1.788038439499356
n_fatigue_ring_2,1.0135,2.8049517331904807,2.28824811337997
n_fatigue_ring_1,0.3803,0.010353492729869546,2.00989049970978
n_fatigue_keyway_1,0.76225,0.7472074218800476,2.1253929527758535
n_fatigue_ring_2,0.31425,0.0009535704286426332,2.0122379405286703
key_1.n_crush,0.4402,0.08546372686687777,2.0619375621706904
n_fatigue_ring_2,0.694,0.9743297204130629,1.7483815557164935
n_fatigue_ring_2,0.848,2.081799196823448,1.913195134778614
stage_2.pinion.n_b,0.35725,0.05597838836279634,1.9729275918801252
stage_2.pinion.n_b,0.34475,0.08814129712758367,1.8865306558957724
key_1.n_crush,0.452,0.051965484225510054,2.149915235839728
stage_1.pinion.n_b,0.42719999999999997,0.0772533789904563,2.0551755318282283
n_fatigue_ring_2,0.2456,0.025639254220192254,1.7169354068612512
n_fatigue_keyway_2,1.008,1.1058543885777952,2.3237917975634335
n_fatigue_keyway_2,1.221,3.036226179894789,2.7515979847930643
n_fatigue_keyway_1,0.323,0.024219511957430218,1.8775799351467326
n_fatigue_ring_1,0.4925,0.028313332794364838,2.2497199747245302
stage_2.pinion.n_b,0.441,0.4834245737709509,1.6903974784974571
n_fatigue_ring_2,0.40625,0.1359957256968036,1.9500734486319709
n_fatigue_ring_1,0.21580000000000002,0.019792972449144488,1.6539810388816611
stage_2.pinion.n_b,0.357,0.13874868230041448,1.836649391008232
stage_1.pinion.n_c,0.94,2.213202217267158,2.1192481497040587
n_fatigue_ring_2,0.6385,0.03926398598631743,2.5626249354882438
key_1.n_crush,0.8805,0.2184286651296948,2.9176109701478308
n_fatigue_ring_2,1.083,0.44569554608069256,3.1493073486669063
n_fatigue_ring_1,0.59,0.4251805580650015,2.0622626825423374
n_fatigue_ring_2,0.42,0.015351965133440951,2.111921739526065
stage_1.pinion.n_b,0.4445,0.7580080512092171,1.4038390948743167
n_fatigue_ring_2,0.325,0.019119688745978157,1.8802997363714413
stage_2.pinion.n_b,0.30475,0.04866433249878079,1.8551318956528653
stage_1.pinion.n_c,1.0965,1.860321739781868,2.4701011372678114
stage_2.pinion.n_b,0.3255,0.1767392394901849,1.7259108149204858
n_fatigue_ring_2,0.527,0.22221339055058648,2.135102757476827
stage_1.pinion.n_c,0.6575,1.3533962256053358,1.4886050545251301
n_fatigue_keyway_2,0.8685,0.5374971559679695,2.5735473265300635
stage_1.pinion.n_c,0.88,2.058051826549438,1.9853510701761095
stage_1.pinion.n_c,1.274,2.2932550089305264,2.869817823333823
stage_2.pinion.n_b,0.4485,0.18508904671278018,1.9830468614610002
n_fatigue_ring_2,0.42075,0.7740840474885561,1.3406349116315925
n_fatigue_keyway_2,0.70125,0.1228662705926408,2.6094613300104244
n_fatigue_ring_1,0.4465,0.046144263538422874,2.120338020880509
stage_1.pinion.n_c,0.8115,1.2384423954254389,1.8302769438724114
key_1.n_crush,0.42925,0.6182914233731558,1.510099988827791
n_fatigue_ring_2,0.32200000000000006,0.03110247515402771,1.8827026733864456
stage_2.pinion.n_b,0.302,0.13594778682965702,1.714904558799945
stage_2.pinion.n_b,0.5685,0.9786859008951054,1.4634796182778824
n_fatigue_ring_2,0.3725,0.0819684945405204,1.9320497840959225
n_fatigue_ring_2,0.6185,0.6243478998125397,1.9309149962260035
stage_2.pinion.n_b,0.43875,0.3422354533803123,1.8332333646555476
n_fatigue_keyway_2,0.6825,0.1574559806802101,2.5363087827799813
n_fatigue_ring_2,0.692,1.1293481387590194,1.589379249989534
stage_2.pinion.n_b,0.34225,0.2802725464654258,1.67857853833837
n_fatigue_ring_2,0.52,0.6153689677551888,1.7157336737036069
stage_1.pinion.n_b,0.543,0.28374684138023776,2.0945861012355107
key_1.n_crush,0.906,0.45193648036780304,2.7447438599610345
stage_2.pinion.n_c,1.29,2.904275694963758,2.906863843301051
stage_2.pinion.n_b,0.14975,0.004768668995346331,1.6066392871844135
stage_2.pinion.n_b,0.3085,0.30300176730928746,1.576400893092439
stage_2.pinion.n_b,0.302,0.16645448103406116,1.6946220984674456
n_fatigue_ring_2,0.6045,1.2045634166747645,1.3678714814633275
stage_2.pinion.n_c,0.61375,1.2740745083094311,1.3900522222537703
stage_2.pinion.n_b,0.4845,0.2549851121765992,2.0188319838394646
n_fatigue_keyway_2,0.4575,0.04215860280678141,2.1582332449799098
key_1.n_crush,0.5465,0.5142207690147563,1.8781793289129907
stage_1.pinion.n_b,0.456,0.021617364725533047,2.185316700059321
n_fatigue_ring_2,0.449,0.021028114412199525,2.1659138473497386
n_fatigue_keyway_2,0.754,0.6938189505036161,2.1610400354592603
stage_1.pinion.n_c,0.703,1.9745747418920414,1.5917996992550423
key_1.n_crush,0.75975,0.7044502632640012,2.1655358018788626
stage_2.pinion.n_b,0.3144,0.0262556002772533,1.9044543655486712
n_fatigue_ring_2,0.73875,1.2181618576671787,1.6706800057172226
stage_2.pinion.n_b,0.3355,0.1415677893304119,1.8177165501125294
n_fatigue_ring_2,0.187,0.00841620700491342,1.600644098602402
n_fatigue_keyway_1,1.1025,0.8943824959253776,2.7399864283762354
stage_2.pinion.n_b,0.236,0.02262359646673623,1.7282580835951697
n_fatigue_ring_2,0.43425,0.5747858582184922,1.569517332003038
n_fatigue_ring_2,0.3275,0.05865791461812992,1.8536028024205573
n_fatigue_ring_1,0.365,0.27272127333662,1.7157144274252114
stage_1.pinion.n_b,0.4224,0.11907394096745025,1.9928945097852275
n_fatigue_ring_2,0.51475,0.28017897171614414,2.0411298941035314
n_fatigue_ring_2,0.44160000000000005,0.044913880316282795,2.1528626190368314
n_fatigue_ring_1,0.51475,0.1793734683415081,2.140906665360558
n_fatigue_ring_2,0.865,1.096554483615304,2.0062037515171656
stage_2.pinion.n_b,0.30960000000000004,0.029395573053073144,1.8882306317309245
stage_1.pinion.n_c,0.759,1.4377598452789238,1.714778437136092
n_fatigue_ring_2,0.357,0.5788511936192524,1.4011671983046377
stage_2.pinion.n_c,0.50575,1.349132816654618,1.1545926265221134
n_fatigue_ring_2,0.694,1.1621322782224577,1.5670872698680682
stage_2.pinion.n_b,0.36125,0.40006645094798,1.58718424238814
n_fatigue_ring_2,0.4205,0.3392699305786062,1.7815011179297653
n_fatigue_ring_2,0.559,0.47989282675911143,1.9343615182919045
stage_1.pinion.n_b,0.3342,0.1172126499194947,1.797494341926661
key_1.n_crush,0.24330000000000002,0.09513143169272262,1.6357076359323452
stage_2.pinion.n_b,0.19075,0.004950888692173167,1.713945822565834
stage_1.pinion.n_b,0.8296,0.21932208997538682,2.801185506182421
n_fatigue_ring_2,1.17975,0.0604851066683578,3.7824047394835567
stage_1.pinion.n_c,0.8455,1.8202090803122735,1.912329174176561
stage_1.pinion.n_b,0.251,0.14467093213629847,1.5910826050405817
stage_1.pinion.n_b,0.4755,0.23103031466132004,1.9987750986308654
key_1.n_crush,0.629,0.2714881200185096,2.3037366658932426
n_fatigue_ring_2,0.6215,0.6087629919089251,1.9473664929165273
key_1.n_crush,0.9825,0.935051958805579,2.4292408833532098
stage_2.pinion.n_b,0.4575,0.34228942910139026,1.866596667845265
stage_2.pinion.n_b,0.169,0.05908666217279383,1.5194848014251836
stage_2.pinion.n_b,0.368,0.4186940806688347,1.5835792876504167
n_fatigue_ring_2,0.459,0.20823101368125974,2.00302763219386
n_fatigue_ring_1,0.23,0.11379509189998255,1.609919622257077
n_fatigue_ring_2,1.078,0.16934599488380722,3.4146519838062805
stage_1.pinion.n_b,0.32,0.10897216693822086,1.7686298528892987
stage_1.pinion.n_b,0.5405,0.2213303406644685,2.1538003752629504
key_1.n_crush,0.333,0.22264677532316,1.6905736257688266
stage_1.pinion.n_b,0.32780000000000004,0.22876143155574918,1.678342072444942
n_fatigue_ring_2,0.707,1.0465018784302114,1.702718160282974
n_fatigue_keyway_2,1.2535,0.3997561348580973,3.571662527380109
stage_2.pinion.n_b,0.25975,0.012674840703439645,1.827926374543589
n_fatigue_ring_2,0.803,1.475734765758651,1.8153037309108433
stage_2.pinion.n_b,0.26775,0.15295323308539208,1.6328244692409009
n_fatigue_keyway_2,1.017,0.07657610059078254,3.365430599918291
stage_1.pinion.n_b,1.2935,0.39973375210312295,3.66713863010103
n_fatigue_ring_1,0.546,0.26963448897880454,2.1226748490716183
stage_1.pinion.n_c,0.6425,1.674499835585166,1.4560074605793671
n_fatigue_keyway_2,0.786,1.1920403775407762,1.7780350792276791
n_fatigue_ring_2,0.4235,0.8767570257522611,1.2460274797982767
n_fatigue_keyway_2,1.0875,0.04239537994483882,3.558998501882816
n_fatigue_ring_2,0.4105,0.14003055623077024,1.9554521007182917
n_fatigue_ring_2,0.49,0.5105719807900301,1.7661710930870607
key_1.n_crush,0.47275,0.7035492483091546,1.5348363308315873
stage_1.pinion.n_c,1.413,3.923776937289004,3.1818054032540095
key_1.n_crush,0.333,0.12543851270208667,1.7937175480878766
stage_2.pinion.n_b,0.25260000000000005,0.07052417314416297,1.6797077065402788
stage_2.pinion.n_b,0.1993,0.029881234446840654,1.6496616443605554
n_fatigue_ring_2,0.521,1.2901036133029544,1.1827667025742643
n_fatigue_ring_2,0.48025,0.34215218251200524,1.9117468325179852
key_1.n_crush,0.2555,0.125545773451464,1.631175112910895
stage_2.pinion.n_c,0.9375,2.613472297726981,2.1204952044269616
stage_2.pinion.n_b,0.441,0.07325460279721828,2.129793296315282
stage_1.pinion.n_c,0.542,1.0000640090644377,1.377587743135808
n_fatigue_ring_2,0.424,0.4381658023862833,1.6878205756998585
key_1.n_crush,0.4015,0.1284040546476566,1.9396351966844751
key_1.n_crush,0.583,0.5915234709344762,1.889882633657412
n_fatigue_keyway_1,0.924,0.18024281509489506,3.0546159857849475
n_fatigue_keyway_2,0.907,2.3262331843418287,2.047229888113304
n_fatigue_ring_2,0.661,0.5823201500402811,2.0769584508237466
n_fatigue_keyway_1,0.719,0.8603379396879302,1.9200903119488368
stage_2.pinion.n_b,0.124,0.006091024503718335,1.5335899332217096
stage_2.pinion.n_b,0.648,0.3355215142376108,2.303801432003951
n_fatigue_ring_2,0.2875,0.04771237727384717,1.8298413426942883
stage_2.pinion.n_b,0.2265,0.054311510189213257,1.6640235470634426
n_fatigue_ring_2,0.4195,0.07832378436137219,2.0403340221893806
stage_1.pinion.n_c,1.1225,1.5712114987188948,2.5281342030352434
n_fatigue_keyway_2,1.535,0.08036332318937447,4.526589470228397
n_fatigue_keyway_2,0.503,0.28767975832570636,2.029143881235576
n_fatigue_ring_2,0.41275,0.02336208700224621,2.0865245922950226
stage_2.pinion.n_b,0.338,0.19297320412103078,1.7445577303227036
n_fatigue_ring_2,0.72,0.5538621652147311,2.2264915708649777
stage_2.pinion.n_c,0.65975,1.1678518405239153,1.4976868156217054
n_fatigue_ring_2,0.425,0.6133249009689395,1.509903287038099
key_1.n_crush,0.89475,0.96115684761746,2.2071282395224414
n_fatigue_keyway_2,0.60375,0.05810024049050771,2.458009104300168
stage_1.pinion.n_c,0.88,2.19482024257345,1.9848432845046982
n_fatigue_ring_2,0.67975,1.0381522121015867,1.6513716295759964
n_fatigue_ring_2,0.4385,0.5168102405969238,1.6333860355590302
stage_1.pinion.n_c,1.227,2.5455881105680427,2.764784339022251
stage_1.pinion.n_c,0.762,1.004470914503702,1.8647314805937438
key_1.n_crush,0.512,0.40193154734077047,1.916823659521109
stage_1.pinion.n_c,0.81525,1.509871450510509,1.8388602939842615
stage_2.pinion.n_b,0.2,0.05876576092862448,1.579479760129167
n_fatigue_ring_2,0.2315,0.037417806962604355,1.661507274647575
stage_1.pinion.n_c,1.2235,1.72019115163489,2.753731631985194
n_fatigue_keyway_2,0.989,0.5742458087115315,2.8093024368683923
n_fatigue_ring_2,0.603,0.1997594670801059,2.3242492118083127
n_fatigue_ring_2,0.565,0.8402502444166331,1.5991512531552057
n_fatigue_ring_2,0.6755,0.2285695070800987,2.463949937705367
stage_2.pinion.n_b,0.3765,0.019337308611474587,2.068644307843493
stage_2.pinion.n_b,0.15669999999999998,0.04793708369401848,1.493251782796394
n_fatigue_keyway_2,0.919,0.1938687358172653,3.0269552730134954
key_1.n_crush,0.326,0.18132620321473272,1.7187174566309902
stage_2.pinion.n_c,1.03975,1.5366918780434227,2.3509884809302317
n_fatigue_keyway_1,0.938,0.3412921589077431,2.9275130919083816
n_fatigue_ring_2,0.45125,0.14167570985783035,2.0370649602813415
stage_2.pinion.n_b,0.237,0.07664068020316822,1.6558137885623192
stage_1.pinion.n_c,0.909,1.52106398957897,2.0501729274288976
stage_2.pinion.n_b,0.38225,0.0068988757572218526,2.1292611024094414
stage_1.pinion.n_b,0.27825,0.2506646342850504,1.5477023402665713
n_fatigue_keyway_2,0.6585,1.2149297599606625,1.4987418584047094
n_fatigue_keyway_2,1.1725,1.041126578480513,2.7511849976944727
stage_2.pinion.n_b,0.3335,0.25126622071104326,1.6819363394860922
n_fatigue_ring_2,0.59125,0.6325012632578162,1.8574253221242905
stage_1.pinion.n_b,0.386,0.034666105374031184,2.008326429748073
stage_2.pinion.n_b,0.206,0.0508579583421637,1.6205262450775533
stage_1.pinion.n_b,0.4605,0.03193903272649114,2.179323719697979
stage_2.pinion.n_b,0.357,0.3639704351708258,1.6365634226866617
stage_1.pinion.n_b,1.1565999999999999,0.09639468649169321,3.676956493331031
stage_1.pinion.n_c,0.652,1.1015129219105932,1.5237820456740645
n_fatigue_keyway_2,0.763,0.13347128881752457,2.742459129121736
n_fatigue_ring_2,0.40775,0.08388546263728883,2.002380070480936
n_fatigue_ring_2,0.294,0.1262972097246139,1.7273509844019774
n_fatigue_ring_2,0.766,0.5047354766529959,2.38556472303803
stage_2.pinion.n_b,0.352,0.35921193503127813,1.608496846350043
n_fatigue_ring_2,0.3425,0.21866902521192938,1.7298016432008434
n_fatigue_ring_1,0.5695,1.3070617249240197,1.291279650946048
n_fatigue_ring_2,0.35275,0.1289679861683405,1.835807251199595
stage_1.pinion.n_c,0.8485,1.3628165731995037,1.9135566636544605
key_1.n_crush,0.488,0.11921533734935773,2.1450763815311005
key_1.n_crush,0.564,0.6498619341050264,1.7779000258647166
n_fatigue_ring_2,0.777,2.1486029250216827,1.7557339870354478
n_fatigue_keyway_2,0.759,1.6221835864575054,1.7153135105151323
stage_2.pinion.n_b,0.3305,0.0546251784001944,1.910105735174099
stage_1.pinion.n_b,0.49605,0.18950081486637102,2.086314579023699
stage_2.pinion.n_b,0.1584,0.05709803824292269,1.4938208342524333
n_fatigue_ring_1,0.46675,0.19367244352113866,2.0347310795516624
n_fatigue_ring_2,0.179,0.0053280086126534015,1.68232074211388
n_yield_keyway_1,0.479,0.04873420019796477,2.1979598897580668
n_fatigue_keyway_2,1.353,3.3589224539252514,3.046422615648435
stage_2.pinion.n_b,0.2164,0.03638744060224837,1.6586970853788243
n_fatigue_ring_2,0.60175,0.6889386570922115,1.831726955461361
n_fatigue_ring_1,0.364,0.19379674828987517,1.786379154166486
stage_1.pinion.n_c,0.6415,0.9386286326282614,1.6617331356418907
stage_1.pinion.n_b,0.29,0.20146068701778527,1.6184066320427064
stage_2.pinion.n_b,0.30075,0.06563563239730026,1.8137400267109562
n_fatigue_ring_2,0.8165,0.13934770164553584,2.8853061376131572
stage_2.pinion.n_b,0.389,0.8449559309102285,1.2068869231771082
stage_1.pinion.n_c,0.991,1.9768032188220113,2.232026580624768
key_1.n_crush,0.4284,0.049198523014609405,2.0843363383097797
stage_2.pinion.n_b,0.4175,0.643425840761544,1.4664123665617637
stage_2.pinion.n_b,0.29925,0.2736866693419576,1.5770501791009375
stage_1.pinion.n_c,1.01,1.7921242280374865,2.2764662339880193
n_fatigue_keyway_2,0.6485,1.433172999995602,1.4715154735904346
stage_2.pinion.n_b,0.48625,0.7665611619937778,1.501490317471957
n_fatigue_ring_1,0.7918,0.09121260066358255,2.8496089727506666
stage_1.pinion.n_b,0.27645,0.21397425313517787,1.5833730895564873
stage_2.pinion.n_b,0.376,0.33701218077947953,1.6879835926833477
key_1.n_crush,0.554,0.04842191585348164,2.3563257274802787
n_fatigue_ring_2,0.78625,1.6721951714663434,1.7765463559965355
stage_2.pinion.n_b,0.20225,0.005828441608430759,1.733701596297145
stage_2.pinion.n_b,0.1443,0.037577191993008345,1.4995737158876867
n_fatigue_keyway_1,1.222,1.0759797182672999,2.828337375489014
stage_1.pinion.n_b,0.419,0.07880174671987412,2.019458745607455
key_1.n_crush,0.7855,0.6394337601635934,2.281885313179064
n_fatigue_ring_2,0.57925,0.0762231075490859,2.3852581021851136
stage_2.pinion.n_b,0.31625,0.08206888593253336,1.8121730451024396
stage_1.pinion.n_b,0.245,0.22884790540872613,1.505038754183214
stage_1.pinion.n_b,0.4525,0.2643679546991118,1.9130732048963675
n_fatigue_keyway_2,0.8735,0.061906323200591425,3.0607034481211493
n_fatigue_ring_2,0.67125,1.707283353062215,1.5237925943330253
stage_1.pinion.n_b,0.5465,0.2563136354549425,2.12919610454086
stage_2.pinion.n_b,0.21830000000000002,0.05968054175394831,1.627446995038182
n_fatigue_ring_2,0.468,0.3564755802815321,1.86125485337438
n_fatigue_ring_1,0.44725,0.017991804542365066,2.148288953654376
n_fatigue_ring_1,0.475,0.4294512857489638,1.8111387694452257
key_1.n_crush,0.2896,0.14801768721524414,1.6923636878320156
n_fatigue_ring_2,0.457,0.02098306896167288,2.186001274595028
stage_1.pinion.n_b,0.327,0.0474600793214331,1.8470990727536392
n_fatigue_ring_2,0.4725,0.4810108145206632,1.7528152198695033
n_fatigue_ring_2,0.2255,0.016638394345492864,1.664410815668188
key_1.n_crush,1.14725,1.4497523774564873,2.585137222923328
key_1.n_crush,0.442,0.2847909972248363,1.873851188496118
n_fatigue_ring_2,0.71625,1.5100069223968184,1.6201717378946041
stage_2.pinion.n_b,0.444,0.15713571476617952,2.0330767912890777
key_1.n_crush,0.433,0.2619814797394185,1.8779793900453539
n_fatigue_ring_2,0.5405,0.28037567268732133,2.129891965195435
n_fatigue_ring_1,0.378,0.002333339893322172,2.1089596158273176
stage_2.pinion.n_b,0.5295,0.5160702001045661,1.8495432034580888
n_fatigue_ring_1,0.654,0.783581171094707,1.8542602881264885
stage_1.pinion.n_b,0.62325,0.5346727471389346,2.0222440553182954
stage_1.pinion.n_c,0.556,1.0947213497401047,1.3192108327111318
n_fatigue_ring_2,0.4815,0.11904821641571414,2.132860407789475
n_fatigue_ring_2,0.5225,0.2545513329990408,2.0967083780749283
stage_1.pinion.n_b,0.42775,0.5890974631709809,1.5358012555080982
stage_1.pinion.n_b,0.4516,0.19946799314434427,1.9797168783957226
stage_2.pinion.n_b,0.148,0.029498108513449636,1.5175989744725542
stage_1.pinion.n_c,0.745,1.6274445672691242,1.6845783403301782
stage_1.pinion.n_b,0.6195,0.8497242250171194,1.7046810625478312
stage_1.pinion.n_c,0.7335,1.2884042236031155,1.6573265919961375
stage_1.pinion.n_c,0.885,1.734698904896324,1.9970165372821234
key_1.n_crush,0.677,0.4685347917407859,2.2122641961543343
stage_2.pinion.n_b,0.466,0.25145471275745285,1.97578711174207
n_fatigue_ring_2,0.6745,0.6505854750150739,2.024597298653008
n_fatigue_keyway_2,0.74875,1.3084103935976354,1.6952777074656928
stage_1.pinion.n_b,0.244,0.15256697045625717,1.5640367311378687
stage_2.pinion.n_b,0.381,0.27029014366138554,1.7605737775428025
stage_2.pinion.n_b,0.2065,0.005066987860535626,1.742449052329761
stage_2.pinion.n_b,0.40475,0.18318524979981396,1.9249985033725896
key_1.n_crush,0.353,0.1266094374029427,1.844583086727526
stage_2.pinion.n_c,0.5645,1.4595778312474847,1.2907668799656855
stage_2.pinion.n_b,0.444,0.2636514728783111,1.9128616023714449
n_fatigue_ring_2,0.9365,1.3015272542334269,2.114210100845856
n_fatigue_ring_2,0.176,0.03298126802856791,1.555635609521627
key_1.n_crush,0.488,0.6017356930458583,1.672229664946219
stage_2.pinion.n_b,0.37175,0.17900891320687035,1.8408154596642696
n_fatigue_ring_2,0.34925,0.018949677733703096,1.9619062423869371
n_fatigue_ring_2,0.569,0.08512130522063276,2.355861442837704
n_fatigue_ring_2,1.00075,0.03977062355965826,3.368058908590123
stage_2.pinion.n_b,0.3215,0.20699391204540107,1.698562556213164
stage_2.pinion.n_b,0.415,0.4459394585680475,1.6673993211309157
n_fatigue_ring_2,0.21100000000000002,0.0010880441925924917,1.6947580754704554
stage_1.pinion.n_b,0.541,0.549423949337304,1.828836970029746
n_fatigue_ring_2,0.586,0.22079735544590387,2.2679951729077454
stage_1.pinion.n_b,0.8565,0.11373452141293651,2.976670090407505
n_fatigue_ring_2,0.5455,0.4865719873904048,1.9124370191262892
key_1.n_crush,0.374,0.21583122683799089,1.7913563137753783
stage_1.pinion.n_b,0.234,0.21752104164817335,1.506935677018725
stage_1.pinion.n_b,0.6467999999999999,0.23063993782487321,2.3803260318409447
n_fatigue_ring_2,0.5425,0.667455216393433,1.7200345311595477
n_fatigue_ring_2,1.28,2.640012553886041,2.8847329978527787
n_fatigue_ring_2,0.415,0.07871497501143747,2.022734628647821
key_1.n_crush,0.252,0.11953691719602721,1.6312971541436
stage_2.pinion.n_b,0.2645,0.0483579833363782,1.7560781660829494
stage_2.pinion.n_b,0.3165,0.44408634945642844,1.4450454579864147
n_fatigue_ring_2,0.84875,1.868950996184656,1.9156463349022277
stage_2.pinion.n_b,0.324,0.1616286097652555,1.7492891436767983
stage_2.pinion.n_b,0.26,0.0635556564680072,1.7345948700501557
stage_1.pinion.n_b,0.5835,0.4178422657018632,2.055860574474365
key_1.n_crush,0.56,0.5478077694350951,1.8970171463548378
n_fatigue_ring_2,0.73875,1.508773647446759,1.6718145854041497
stage_2.pinion.n_b,0.392,0.1479444888243514,1.910091435582058
n_fatigue_ring_2,0.52575,0.8546425163988651,1.4965731851248836
stage_2.pinion.n_b,0.2664,0.03338500609037075,1.8103491365780058
n_fatigue_ring_2,0.407,0.4559022779002514,1.6391993889509748
stage_2.pinion.n_b,0.2716,0.08195197245565834,1.7022843266649952
n_fatigue_ring_2,0.964,0.018875436704573464,3.3085044922676494
stage_2.pinion.n_b,0.268,0.006241498549521011,1.8725355937646608
n_fatigue_ring_2,0.697,0.8011149441060123,1.9309506784793782
stage_2.pinion.n_b,0.22440000000000002,0.024736120044630258,1.6934108366629002
stage_2.pinion.n_b,0.2195,0.06026042410083281,1.6473010611625416
key_1.n_crush,0.6165,0.30567912811655457,2.234610868733949
stage_2.pinion.n_c,0.7915,1.962200018415244,1.7928737937132968
stage_1.pinion.n_b,0.541,0.5535021263801578,1.8255609569600393
n_fatigue_ring_2,0.5805,0.39627000795222067,2.083098185476116
n_fatigue_ring_2,0.51775,0.35294995732159584,1.9916785905663097
n_fatigue_ring_2,0.1274,0.0010904221818737654,1.5778585783984491
n_fatigue_ring_2,0.47525,0.006165871246952706,2.2287149683269263
n_fatigue_ring_2,0.52125,0.7649059291448762,1.5713851978412972
stage_2.pinion.n_b,0.5115,0.08023989748109474,2.26992833890525
n_fatigue_ring_1,0.40175,0.6311944926367251,1.4389585224669394
stage_1.pinion.n_b,0.2864,0.08766735511488977,1.720204388167122
stage_2.pinion.n_b,0.45570000000000005,0.05876547786713335,2.157676770332906
n_fatigue_ring_2,0.4705,0.8747755978088083,1.3529557198137765
n_fatigue_ring_2,0.784,0.3003416822554317,2.6230419187900114
n_fatigue_ring_1,0.13425,0.00789428316679265,1.5177734762307955
n_fatigue_ring_2,0.5585,0.602373427353368,1.8207542942676405
n_fatigue_ring_2,0.74325,0.17993651504404257,2.649075106343734
stage_1.pinion.n_b,0.54575,0.8521465014619397,1.5379987082919269
n_fatigue_ring_2,0.48075,0.6532487777519649,1.5900978658021307
stage_2.pinion.n_b,0.4305,0.5976540377810763,1.549530875225927
stage_1.pinion.n_b,0.49439999999999995,0.07928134054716322,2.2014911669452775
stage_2.pinion.n_b,0.13269999999999998,0.02678294455448556,1.4809994244818947
stage_1.pinion.n_c,0.7265,1.335888592161751,1.6406016408457647
stage_2.pinion.n_b,0.5076,0.04043392932407562,2.3190687611653273
stage_2.pinion.n_b,0.588,0.2492083607272949,2.252928849827022
stage_1.pinion.n_c,0.884,1.4272216128877444,1.9947079256153875
key_1.n_crush,0.603,0.20499370075718576,2.3124144902794304
n_fatigue_ring_1,0.6,0.9429567984608704,1.57095090663567
stage_1.pinion.n_b,0.503,0.16695172462891303,2.1250027710549633
n_fatigue_ring_2,0.466,0.5400539871109954,1.6782205351774444
key_1.n_crush,0.747,1.5587559667561814,1.689066528980784
n_fatigue_ring_2,0.418,0.3584524086866237,1.749408245028465
stage_2.pinion.n_b,0.3352,0.0620878593679691,1.8930015980580217
key_1.n_crush,0.293,0.10587905761489808,1.7528896721945126
stage_1.pinion.n_b,0.502,0.9511358756962194,1.344472949801934
stage_2.pinion.n_b,0.4775,0.049247346718363415,2.2473189294368057
key_1.n_crush,0.409,0.11624103632027613,1.9992834374154351
stage_1.pinion.n_b,0.441,0.04991287215527997,2.1004023881980163
stage_1.pinion.n_c,0.66,1.1825669584674052,1.49050161521091
n_fatigue_ring_2,0.5185,0.8429510087714905,1.488648658692792
stage_1.pinion.n_b,0.516,0.23861862923865582,2.0847537337396673
key_1.n_crush,0.405,0.21538682693202887,1.8558639924745406
stage_2.pinion.n_b,0.4295,0.04093433143194807,2.1460483895650913
n_fatigue_keyway_2,1.262,2.73235853754471,2.844027368561727
stage_2.pinion.n_b,0.33125,0.23323421011685588,1.6915271643805538
stage_1.pinion.n_b,0.691,1.0427883067858625,1.6741734027027773
stage_2.pinion.n_b,0.491,0.7813020382468333,1.4855367637267476
stage_2.pinion.n_b,0.38475,0.3130254977576587,1.7191700809611714
stage_2.pinion.n_b,0.71175,0.30774548007576974,2.4741960704998514
n_fatigue_ring_2,0.2345,0.04614885577351171,1.6645225048413825
stage_1.pinion.n_c,2.54,1.4992077224149283,5.715912812804757
n_fatigue_ring_2,0.686,1.0498049316044675,1.6547643037203634
n_fatigue_ring_2,0.73,1.4057349360864284,1.6561253848281514
stage_1.pinion.n_c,0.66125,1.3699315736781217,1.4942992223382343
n_fatigue_keyway_1,0.48175,0.08967753890233383,2.1729967950619384
n_fatigue_keyway_2,0.7885,0.8834753620606398,2.0435234092884906
n_fatigue_ring_2,0.5665,0.5916150504864958,1.850400916736004
stage_1.pinion.n_b,0.53,0.21227840730997388,2.1421308560305463
stage_2.pinion.n_b,0.2174,0.05975552954091631,1.608778543152165
stage_2.pinion.n_b,0.234,0.050581406293373175,1.6751321363506089
stage_2.pinion.n_b,0.521,0.4886009385343672,1.8661287677696008
stage_1.pinion.n_b,0.21565,0.14905865213027125,1.5195769163731674
stage_1.pinion.n_b,0.6425,0.7538990911824206,1.8469865221929807
key_1.n_crush,0.4325,0.3616695352810342,1.7731555207865428
stage_2.pinion.n_b,0.6577999999999999,0.06058084289445755,2.620197304130952
key_1.n_crush,0.3245,0.2502514832639607,1.6513741647577143
stage_2.pinion.n_b,0.924,0.8523378111080556,2.396970686390488
stage_1.pinion.n_b,0.748,1.0319348560157073,1.8101563296010759
stage_2.pinion.n_b,0.1595,0.03899710507576529,1.519769140391559
n_fatigue_ring_1,0.5645,1.2613189143494306,1.2796351866400046
stage_2.pinion.n_b,0.26175,0.17039510518818143,1.5971508544051183
n_fatigue_keyway_2,0.676,1.105217789360119,1.5782182938809577
n_fatigue_ring_2,0.50125,0.5041417291382012,1.788375026211995
n_fatigue_ring_2,0.4075,0.03267291326998974,2.1133838618969674
stage_1.pinion.n_b,0.3072,0.16078644469957507,1.7046524745696003
stage_2.pinion.n_b,0.22275,0.015198351261042227,1.692490157086667
n_fatigue_ring_2,0.50975,0.5127193976274533,1.7964356443668956
key_1.n_crush,0.59375,0.9464639507043523,1.5513450810249267
n_fatigue_keyway_1,0.516,0.16163543584152515,2.16242284442616
n_fatigue_ring_2,0.715,1.1779468479599686,1.6191597324532978
stage_2.pinion.n_b,0.30525,0.011858665693063396,1.8944953179154287
n_fatigue_ring_2,0.51725,0.8257028005666619,1.4981088027132898
n_fatigue_keyway_1,0.579,0.036455995774252424,2.4293937614252124
n_fatigue_ring_2,0.708,1.0609310971501564,1.6968645539578695
stage_2.pinion.n_b,0.148,0.0282395626347365,1.5174090408969543
stage_2.pinion.n_b,0.475,0.2393029356939947,2.0150342913347083
n_fatigue_keyway_2,0.9585,0.3189973266369115,2.997908558729781
n_fatigue_ring_2,0.15869999999999998,0.02174776667412426,1.5474290114527829
key_1.n_crush,0.802,0.8881007595134803,2.075496772403418
n_fatigue_ring_2,0.4275,0.7508603615756787,1.38372698445306
stage_1.pinion.n_c,0.644,1.178220296809965,1.4582122974896434
n_fatigue_ring_2,0.5915,0.5640088889185094,1.9308246126865845
stage_1.pinion.n_c,0.76425,1.0768164641677516,1.7986679047638046
n_fatigue_ring_2,0.3555,0.07155925898020334,1.9097725901947598
n_fatigue_keyway_1,0.55775,0.08787098548200517,2.340071727124485
stage_2.pinion.n_b,0.6655,0.08248360128761911,2.607499460687221
n_fatigue_ring_2,0.583,0.3571575612193088,2.1294811443148483
stage_1.pinion.n_c,0.745,1.5218032395051135,1.682012710229587
n_fatigue_ring_2,0.32475,0.07274396718266954,1.8406316318677685
stage_2.pinion.n_b,0.2139,0.11493127907503657,1.5476344894711727
n_fatigue_ring_1,0.4425,0.03153071580769556,2.1265660982064634
key_1.n_crush,0.648,0.4170040594872772,2.2005518655707683
stage_2.pinion.n_b,0.4905,0.10681188265784822,2.199206329301017
stage_2.pinion.n_b,0.34475,0.22204665360730202,1.7305018313227207
n_fatigue_ring_2,0.4155,0.5458072612934136,1.5624732130219765
n_fatigue_ring_2,0.898,0.16920329215232666,3.0170539945825254
stage_2.pinion.n_b,0.351,0.2162546152683247,1.7524429150075773
stage_2.pinion.n_b,0.25110000000000005,0.06624943223017497,1.684048259052755
n_fatigue_keyway_2,0.43775,0.04843480346124993,2.120819730806801
stage_2.pinion.n_b,0.3055,0.14332835289814325,1.718083538769981
stage_2.pinion.n_b,0.2785,0.0573854532025231,1.7934170473957212
n_fatigue_ring_2,0.775,0.00948456245027506,2.923997381112131
stage_1.pinion.n_b,0.4835,0.4509983588649173,1.7899973367671211
stage_1.pinion.n_b,0.5715,0.2537760916381332,2.185306974482408
n_fatigue_ring_2,0.474,0.4780658382492074,1.752598996974944
stage_2.pinion.n_b,0.13119999999999998,0.03232048560828127,1.4857943019784843
n_fatigue_keyway_1,0.86925,0.2615986738949758,2.84800640641481
n_fatigue_ring_2,0.58875,0.2917177725946208,2.2037363650885244
n_fatigue_ring_2,0.304,0.08269543437630464,1.7759790211505828
stage_2.pinion.n_b,0.452,0.056460142082245965,2.16654241874452
stage_2.pinion.n_c,1.0725,2.7516927422961643,2.424771425820051
stage_1.pinion.n_b,0.2755,0.19674482747665425,1.5936869704704577
n_fatigue_ring_2,0.6375,0.3034011667126909,2.291788922005266
stage_2.pinion.n_b,0.168,0.06480748601318101,1.5180497388008865
n_fatigue_ring_2,0.388,0.12079549459432895,1.9274757634643493
n_fatigue_ring_2,0.5115,0.24441482484369542,2.0898549614547237
n_fatigue_ring_2,0.2908,0.0041577370893489994,1.8363603974258693
stage_1.pinion.n_c,2.6185,1.0898420194914873,5.956980418331237
n_fatigue_keyway_1,0.7925,0.914717195061185,2.026175286059619
stage_2.pinion.n_b,0.218,0.02457174701232037,1.7068773027597022
key_1.n_crush,0.277,0.37259370224220834,1.430025908257145
stage_1.pinion.n_b,0.82125,1.175541445820206,1.8518485380541716
n_fatigue_ring_2,0.4203,0.027941016487740365,2.135060312959923
stage_2.pinion.n_b,0.2255,0.0692967919798904,1.6278045207229752
stage_2.pinion.n_b,0.381,0.4352742996870364,1.594750793572269
stage_2.pinion.n_b,0.397,0.5840516159798849,1.4763732073883928
n_fatigue_ring_2,0.5225,1.03449854632367,1.305171812873311
n_fatigue_ring_2,0.78875,0.260999028287755,2.6807788811817317
stage_2.pinion.n_b,0.283,0.12533031365260386,1.6921351690058606
stage_1.pinion.n_b,0.436,0.21942478363033635,1.9221568813119954
key_1.n_crush,0.77,0.2815953197685066,2.604228869849483
stage_2.pinion.n_b,0.325,0.25912468874569805,1.664237378407696
stage_2.pinion.n_b,0.3925,0.6684859841075368,1.3922720666521193
n_fatigue_ring_2,0.45725,0.1742835715529833,2.030919428585
n_fatigue_ring_2,0.399,0.2802828342686997,1.8174438366232373
key_1.n_crush,0.44780000000000003,0.1437164043179592,2.022099134000518
stage_1.pinion.n_b,0.73,0.1466291315132008,2.656520301720728
key_1.n_crush,0.377,0.207470524666409,1.8000611618588627
n_fatigue_ring_2,0.6155,0.8905173386255436,1.6640170155998506
n_fatigue_ring_2,0.90525,0.0631080736652017,3.1553981089399117
n_fatigue_ring_2,0.45,0.07996412892421494,2.111040110451443
n_fatigue_ring_2,0.562,0.450546193496211,1.9767385890748974
n_fatigue_ring_2,0.914,1.3367270258313373,2.0640649974035807
stage_2.pinion.n_b,0.1965,0.012108435926654853,1.6469034042651036
stage_1.pinion.n_b,1.256,0.18516928551228415,3.8076529085306556
stage_2.pinion.n_b,0.393,0.41874786385311463,1.6434971876282267
stage_2.pinion.n_b,0.343,0.06549612774794954,1.9203180566389022
stage_1.pinion.n_b,0.392,0.30043044831955523,1.7516246101350936
stage_1.pinion.n_c,0.875,1.7550420940973523,1.9736038785486123
n_fatigue_keyway_2,0.93,0.07304120299150578,3.1772938261455397
n_fatigue_ring_2,0.631,0.05914390645080281,2.517086881011414
key_1.n_crush,0.6565,0.38363609756281747,2.252601430520355
n_fatigue_ring_2,0.818,0.19827825137260727,2.8263396917678874
n_fatigue_keyway_2,0.91775,1.391292373406876,2.0737663316988826
stage_2.pinion.n_b,0.89375,0.6804020634703827,2.512249050303319
key_1.n_crush,0.573,0.6851036029273425,1.7657012590063264
n_fatigue_keyway_2,1.032,0.44020788053642934,3.042034810536483
stage_2.pinion.n_b,0.2815,0.024779248487020337,1.8597600705293165
stage_2.pinion.n_c,0.74975,1.576571957044348,1.699550000436699
stage_2.pinion.n_b,0.39575,0.12114759482624518,1.9725039313444255
stage_1.pinion.n_b,0.2945,0.5468718447011351,1.2918029675032277
stage_1.pinion.n_b,0.25260000000000005,0.12185958862955917,1.6159570552910676
stage_1.pinion.n_c,1.3735,1.0550264805282774,3.1877035644722915
n_fatigue_ring_2,0.32385,0.09504986315086195,1.8023070534432648
key_1.n_crush,0.6905,0.3032372728064206,2.404661516218484
stage_1.pinion.n_b,0.33025,0.5600866589849369,1.3542063867650067
n_fatigue_ring_2,0.6225,0.4008393310691028,2.1674867510393434
stage_1.pinion.n_c,0.968,1.737057015480593,2.1818653556462775
n_fatigue_ring_2,0.4505,0.014201680892518545,2.170043638572608
stage_2.pinion.n_b,0.28825,0.0959073016690486,1.7689052497134592
n_fatigue_ring_2,0.5345,0.9944894201818965,1.3737808907206013
stage_1.pinion.n_b,0.828,0.3158492600985785,2.6998705352934462
n_fatigue_ring_1,0.894,0.7091516411816353,2.4580601606170527
n_fatigue_keyway_2,1.563,0.023963550224141355,4.663893501382398
n_fatigue_ring_2,0.391,0.8952630914984316,1.1540754188134221
stage_2.pinion.n_b,0.314,0.37540163988826103,1.5080011650028726
stage_2.pinion.n_c,0.626,1.6816959555023197,1.425707437665837
n_fatigue_keyway_2,0.846,1.0544082998837019,2.0071191708231617
stage_2.pinion.n_b,0.442,0.30903142051435484,1.8635318174866373
stage_1.pinion.n_b,0.5405,0.23613598691477697,2.1406721869378873
n_fatigue_keyway_2,0.59175,0.01922601609303579,2.481445510442497
n_fatigue_ring_2,0.62625,0.10863860481356709,2.4592535543668514
n_fatigue_ring_2,0.70375,1.255449755268337,1.5904796373407397
n_fatigue_ring_2,0.692,1.4947422528164327,1.5650471302823405
n_fatigue_ring_2,0.354,0.026950678759583464,1.9712436057184552
stage_1.pinion.n_c,0.702,1.5236970006557817,1.5868084630125625
stage_1.pinion.n_b,0.5096,0.08664993555634823,2.22349796662985
n_fatigue_keyway_1,0.639,0.11725880168886946,2.4776673146470585
n_fatigue_keyway_2,0.45275,0.009168508767584882,2.1749879774605865
stage_2.pinion.n_b,0.491,0.9129282174376087,1.357335353500446
stage_2.pinion.n_b,0.661,1.2248164740793304,1.4959768566617158
stage_2.pinion.n_c,0.5835,1.302904318304595,1.3317528659928113
n_fatigue_ring_2,0.4915,0.24266642767563937,2.024755777444223
stage_1.pinion.n_c,0.544,1.3894836206518077,1.236769089741574
stage_1.pinion.n_b,0.33175,0.17951036155328476,1.7313135419155465
stage_1.pinion.n_c,0.9,1.365457793253298,2.028817457495374
n_fatigue_keyway_1,0.716,0.2962810002050602,2.470599039057759
n_fatigue_ring_2,0.24694999999999998,0.11955103657474056,1.6335765671274836
n_fatigue_ring_2,0.44375,0.11873562499250687,2.051637937235802
stage_2.pinion.n_b,0.361,0.1887152364548372,1.8019922255324767
n_fatigue_ring_2,0.52325,0.20494769143833547,2.1362191663303327
n_fatigue_ring_2,0.747,1.5666174457484605,1.693805585751994
key_1.n_crush,0.5705,0.2668083863146802,2.1832954260594164
key_1.n_crush,0.35725,0.24952396636025057,1.7234609294487517
n_fatigue_ring_2,0.59,0.5239786453430605,1.9646730660371021
stage_1.pinion.n_c,0.77375,1.316127626505799,1.7464609718797708
n_fatigue_ring_2,0.5485,1.056614792281175,1.3398945564425455
n_fatigue_keyway_2,0.8855,0.5686998216511424,2.5786075809038085
stage_2.pinion.n_b,0.1185,0.007304233799636021,1.5428945468986424
stage_2.pinion.n_b,0.44480000000000003,0.06077833123856455,2.1282867728793584
stage_2.pinion.n_b,0.4785,0.10120255522369999,2.1589866924818453
stage_2.pinion.n_b,0.369,0.4504348531416362,1.5464471474550778
key_1.n_crush,0.281,0.11450009148394891,1.6949418018837326
key_1.n_crush,0.4115,0.21587111730113812,1.8816212203777782
stage_1.pinion.n_b,0.7115,0.7617271246247799,1.9965282255632946
key_1.n_crush,0.3855,0.3370018884247219,1.6926179726950024
stage_2.pinion.n_b,0.2772,0.049537213782257915,1.7567094074937548
n_fatigue_ring_2,0.7025,1.6150963767853204,1.5885863377292408
stage_2.pinion.n_b,0.3406,0.021155059486269542,1.9709179100988425
key_1.n_crush,0.84,2.204549395142997,1.8995512585856194
stage_1.pinion.n_c,0.888,1.5111118979091696,2.005885038093153
stage_1.pinion.n_b,0.3805,0.16442544447246407,1.853543898380134
n_fatigue_ring_2,0.62425,0.09809798687967328,2.4755918599583326
n_fatigue_ring_2,0.566,0.61700667663746,1.8239412924931018
n_fatigue_ring_2,0.8035,0.4802584065764187,2.482467140589828
n_fatigue_keyway_2,0.938,0.27934750648225276,2.990067453431163
stage_1.pinion.n_c,0.4985,1.1716289232693458,1.1354568753336536
key_1.n_crush,0.5845,0.6116743009372144,1.866603072284186
stage_1.pinion.n_b,0.594,0.7452770154937111,1.750171022893146
n_fatigue_ring_2,0.644,0.027995890127105245,2.584481269311333
stage_1.pinion.n_b,0.33,0.051344072450165555,1.853699625543364
key_1.n_crush,0.30410000000000004,0.09715980189054844,1.753680345354278
n_fatigue_keyway_1,0.7765,0.4919653050505887,2.4380078286840106
key_1.n_crush,0.736,1.108649734415666,1.7162160173586674
stage_1.pinion.n_c,0.9715,1.6299591422204787,2.18855946501286
stage_2.pinion.n_b,0.178,0.05174710656540685,1.56163785517239
n_fatigue_ring_2,0.406,0.20125110197857904,1.8762132230073139
stage_2.pinion.n_b,0.32230000000000003,0.026257645868675634,1.911717794141341
stage_2.pinion.n_b,0.2175,0.007670284908319796,1.7162522514293097
n_fatigue_ring_2,0.4545,0.5179882800362245,1.6811670880332472
stage_1.pinion.n_b,0.36025,0.4274546049133391,1.5599247652839088
n_fatigue_ring_2,0.8125,0.044557631954781976,2.9912667055427815
stage_2.pinion.n_b,0.31589999999999996,0.018067990893834245,1.9394031442097996
n_fatigue_keyway_2,1.0835,0.29010471485366296,3.300110495100773
stage_1.pinion.n_c,2.0925,1.1098694851888324,4.753957305803118
key_1.n_crush,0.817,1.1689607997139773,1.8446810606861819
stage_2.pinion.n_b,0.3435,0.31657203291472713,1.6595304083124978
n_fatigue_ring_2,0.625,0.1277763282602664,2.4441379571305415
stage_2.pinion.n_b,0.449,0.16944364720343597,2.0142017880344345
n_fatigue_ring_2,0.2075,0.04050278845466787,1.6182553360990846
n_fatigue_keyway_2,0.81525,0.5496160628609441,2.4404268430427334
n_fatigue_ring_2,0.65,0.5334444310645067,2.088077563516976
stage_2.pinion.n_c,0.852,2.690140605513711,1.9226500392166834
n_fatigue_keyway_2,0.491,0.060800811763574845,2.204516914332672
n_fatigue_ring_2,0.50925,0.5957036513077829,1.7083727255941703
stage_2.pinion.n_b,0.188,0.028199570676422838,1.6075518602091428
stage_2.pinion.n_b,0.50275,0.1951334768866801,2.1210369494035652
n_fatigue_ring_2,0.59,0.17769789081007867,2.3137163143055535
stage_2.pinion.n_b,0.349,0.46792526121822353,1.4878804858591776
stage_1.pinion.n_b,0.5375,0.40322379308449113,1.9670120800434665
n_fatigue_ring_2,0.363,0.4504988536911298,1.5360746363541162
n_fatigue_ring_2,0.4635,0.46074143488510055,1.7496878762546904
stage_1.pinion.n_c,1.2435,1.2109069904093979,2.8021964148750453
stage_1.pinion.n_c,0.704,1.6445478324238316,1.589361978662831
stage_2.pinion.n_b,0.458,0.7536148086073131,1.4478610525053999
n_fatigue_ring_2,0.122,0.002538800324419684,1.5128800963871751
stage_1.pinion.n_b,0.95,0.5654662125770454,2.7263804445056516
stage_2.pinion.n_b,0.3135,0.003799751848862926,2.1054101350539423
stage_1.pinion.n_b,0.253,0.03776343627836662,1.699814510213241
stage_1.pinion.n_b,0.9065,0.45225135933004545,2.7494561188635047
n_fatigue_keyway_2,0.681,0.1494701657799216,2.543833441751053
stage_2.pinion.n_b,0.56875,1.1233313189088872,1.3271530453315727
key_1.n_crush,0.646,0.5670256741440364,2.044570410675294
stage_1.pinion.n_b,0.35575,0.3665458628374212,1.5957126771160268
n_fatigue_ring_2,0.6475,1.2879135862297426,1.463494994269701
stage_1.pinion.n_c,0.537,1.1834691455743112,1.2177435681751168
stage_2.pinion.n_b,0.3975,0.6136165808528938,1.4474556833992895
n_fatigue_keyway_1,0.791,1.5636482879290599,1.7883393928630495
stage_2.pinion.n_b,0.39925,0.24676158413482024,1.8394731874077552
stage_1.pinion.n_b,0.3556,0.07985169389311693,1.880128398091931
stage_1.pinion.n_b,0.292,0.23886542977172923,1.6024860644756729
stage_2.pinion.n_c,0.521,1.398460051245285,1.187467313558164
n_fatigue_ring_2,0.8145,1.6948398403813152,1.8433271712607613
stage_2.pinion.n_b,0.17725,0.009211371155846696,1.6144073068611644
n_fatigue_ring_2,0.276,0.011033698823676654,1.8140455140011535
stage_2.pinion.n_b,0.2785,0.04505126313947838,1.7946952679426196
n_fatigue_ring_2,0.3465,0.3596695929578034,1.5882338033267764
n_fatigue_ring_1,0.443,0.18556181220524678,1.9867107054525694
stage_1.pinion.n_c,0.719,1.6492755710784122,1.6240423925794536
stage_2.pinion.n_b,0.3275,0.13865189482185253,1.8010116561917056
n_fatigue_ring_2,0.394,0.7725757931838263,1.2768346165572626
n_fatigue_ring_2,0.5695,1.4745943794576228,1.2918111675393869
stage_2.pinion.n_b,0.293,0.043236814903557554,1.828376638976541
stage_1.pinion.n_c,0.694,1.2389746030529942,1.5673371853696372
stage_1.pinion.n_c,0.6085,1.0409150812773937,1.4854328739843625
stage_1.pinion.n_b,0.736,0.17488309266816135,2.6428769542471215
n_fatigue_keyway_2,0.675,0.38279587663760367,2.2939884797943817
stage_2.pinion.n_b,0.2936,0.023461939225404443,1.8912429091255647
n_fatigue_ring_2,0.651,1.6136357720077423,1.4750796708864204
stage_1.pinion.n_c,0.938,1.3052394453641918,2.111465413921907
n_fatigue_ring_2,0.591,1.2575033554541994,1.341616191368886
n_fatigue_ring_2,0.8375,0.7275734982002446,2.3109463908738594
stage_2.pinion.n_b,0.4028,0.04482193679833927,2.051163041597769
key_1.n_crush,0.30575,0.24140519543852448,1.6140007487181545
n_fatigue_ring_1,0.563,0.6340698985986826,1.7986206702060528
stage_1.pinion.n_b,0.5815,0.40946631264803524,2.0559488726618884
n_fatigue_ring_2,0.5045,1.1152148261126504,1.1828277080830767
n_fatigue_ring_2,0.899,0.28237254920299903,2.9162780613710084
stage_1.pinion.n_b,0.7385,0.24741080321839143,2.575725608356638
key_1.n_crush,0.33575,0.2127610723669714,1.7175598516355997
n_fatigue_ring_2,0.623,0.5844720834600935,1.9754578941992706
stage_1.pinion.n_c,0.721,1.643288233721319,1.6282639596839141
n_fatigue_ring_2,0.61975,0.05148049207248588,2.5301867072635513
stage_1.pinion.n_b,0.4705,1.0179396050144798,1.2049231053142664
stage_1.pinion.n_b,0.8005,0.5533306510388598,2.4032071143128118
n_fatigue_ring_2,0.403,0.025163957435464582,2.0726672326181137
stage_1.pinion.n_c,0.7935,1.080865314865276,1.8575635500750618
stage_1.pinion.n_b,0.692,0.30993405002188346,2.3985361193774564
n_fatigue_ring_2,0.7555,0.9002518073702448,1.9607569269911236
n_fatigue_ring_2,0.5225,0.7580967447288014,1.579862937153157
n_fatigue_ring_2,0.4,0.0013414467749655239,2.0983836020245947
n_fatigue_ring_2,0.8315,2.4751731157280137,1.8802707220356245
n_fatigue_ring_2,0.6775,1.3445429432015312,1.5316880358874467
stage_2.pinion.n_b,0.423,0.7446546065268909,1.3755393336774713
n_fatigue_ring_1,0.641,0.5745244500348509,2.037232993451828
stage_1.pinion.n_c,0.646,1.6284683476547344,1.4622724237842242
stage_1.pinion.n_b,0.414,0.6243150662372073,1.4693576028432185
stage_2.pinion.n_b,0.3955,0.4109089716170239,1.6543201651082713
stage_1.pinion.n_b,0.26,0.19386531320501305,1.5648962531512411
stage_2.pinion.n_c,1.02375,1.739849923972213,2.309267029546035
key_1.n_crush,0.3768,0.074887061924508,1.9355962174195682
stage_2.pinion.n_c,0.7495,1.3498794378688248,1.7079084147214278
n_fatigue_keyway_2,1.0075,0.5020960004909617,2.9175462146122904
stage_1.pinion.n_c,0.77725,1.3509561081997232,1.752998203093357
n_fatigue_ring_2,0.6465,1.2110588049377453,1.4654559500685909
n_fatigue_ring_2,0.573,1.21767083533262,1.2984596410993585
key_1.n_crush,0.5795,0.39093920524096376,2.0771954581519614
key_1.n_crush,0.3735,0.2239967547060665,1.7953105412325736
stage_1.pinion.n_c,0.448,1.0372054195994698,1.1351384476056254
stage_1.pinion.n_c,1.734,0.9510129993623703,4.104489399365975
n_fatigue_ring_2,0.6005,0.03331395179540385,2.4970760947764385
n_fatigue_ring_2,0.9515,0.37666947098786085,2.9201860955320584
n_fatigue_ring_2,0.3885,0.10071472592650342,1.9575981884487244
stage_2.pinion.n_b,0.516,0.4631809825069865,1.8719658302505275
stage_1.pinion.n_b,0.3384,0.11657723112267487,1.802950583319358
stage_2.pinion.n_c,0.6435,1.5176065540844599,1.4623130539875824
stage_1.pinion.n_b,0.5585,0.20782842475749583,2.2041613236707427
stage_2.pinion.n_b,0.431,0.3976376466386945,1.7549004799225487
stage_1.pinion.n_b,0.2364,0.13847852273377112,1.567415864277484
n_fatigue_ring_2,0.4795,0.6066449191179732,1.6387812305277671
stage_1.pinion.n_b,0.32239999999999996,0.15180702367935592,1.7382284521608435
n_fatigue_ring_2,0.559,0.007937083203026567,2.4074197889104787
n_fatigue_keyway_2,0.782,0.08699450164748608,2.8296188739256727
stage_2.pinion.n_b,0.652,1.2248164740793304,1.4778977026492472
stage_2.pinion.n_b,0.23520000000000002,0.041620833097125914,1.6758902528018143
n_fatigue_ring_2,0.553,0.7352150746516471,1.673149143574914
stage_1.pinion.n_c,0.5805,0.9584066045614351,1.5107474237858216
n_fatigue_ring_2,0.4205,0.7500219943334502,1.3573071223878044
n_fatigue_ring_2,0.471,0.007644652681024108,2.209670907580967
n_fatigue_ring_2,0.693,1.4582247513839521,1.5661141328582213
stage_1.pinion.n_c,0.65325,1.316127626505799,1.477683103907498
n_fatigue_ring_2,0.3975,0.3763037706075664,1.6951060307375931
n_fatigue_ring_2,0.3,0.2273655259359883,1.617720635296599
n_fatigue_ring_2,0.4515,0.08120894869176502,2.100949642534188
n_fatigue_keyway_1,0.44575,0.18646816279185624,1.9906610197271595
stage_1.pinion.n_b,0.22290000000000001,0.10600621597893184,1.5694949983544366
stage_1.pinion.n_c,0.9955,1.121587897490026,2.2740270879972595
n_fatigue_ring_2,0.195,0.05810505529153733,1.5958109047164923
stage_1.pinion.n_b,0.49025,0.045645367560801245,2.2265293108163298
stage_2.pinion.n_b,0.332,0.36228379285113826,1.562731116666096
stage_2.pinion.n_b,0.426,0.4765938213392361,1.6530778907173291
n_fatigue_ring_2,0.445,0.9554078626258363,1.2088411968930144
n_fatigue_ring_2,0.466,0.8843977514068687,1.3310246878154395
stage_1.pinion.n_c,1.02175,1.4914572755362943,2.301737186098691
key_1.n_crush,0.9675,0.5604717966616349,2.7687860990030333
stage_1.pinion.n_b,0.3465,0.20691385233540416,1.7322547953855618
n_fatigue_keyway_2,0.5395,0.19602955874448003,2.186523809306282
stage_1.pinion.n_c,0.725,1.5059529235585976,1.6355198545541265
n_fatigue_ring_2,0.3695,0.10057421236710168,1.931074317657513
stage_1.pinion.n_c,0.703,1.2821442128833729,1.588789107713648
stage_1.pinion.n_c,0.675,1.0847443511029096,1.5898759561279954
stage_2.pinion.n_b,0.357,0.5846424434469476,1.4001910232084935
n_fatigue_ring_2,0.5155,0.6832477634176332,1.642994115183916
stage_1.pinion.n_c,0.66725,1.2076431779501404,1.5110705217343412
n_fatigue_ring_2,0.4605,0.18929282483928048,2.015204180386124
stage_2.pinion.n_b,0.214,0.059995300527223294,1.6471988132065785
stage_2.pinion.n_b,0.16169999999999998,0.03902047115078575,1.5427382508730132
n_fatigue_ring_2,0.40625,0.5152651026417095,1.573476396128734
stage_1.pinion.n_c,0.7375,1.3460247317254148,1.6662471458564294
stage_1.pinion.n_b,0.458,0.30106391280601535,1.894649684956221
n_fatigue_ring_2,0.566,1.4729831914664413,1.282802970173197
n_fatigue_ring_2,0.333,0.01387339134253453,1.9025657907826616
stage_1.pinion.n_b,0.3205,0.21826750338610562,1.6687721457218545
n_fatigue_ring_2,0.6125,1.4243113671035654,1.3888740673710749
stage_2.pinion.n_b,0.292,0.3411534713653267,1.4961032107487753
stage_1.pinion.n_b,0.30425,0.2057025796179367,1.6460323770649303
n_fatigue_keyway_2,0.802,1.5705243589594058,1.8100805841201304
stage_1.pinion.n_b,0.51225,0.024496737509594003,2.300380516965726
n_fatigue_ring_2,0.665,1.4951569291926163,1.5061870229573553
stage_1.pinion.n_b,1.943,0.20578105910101388,5.335809744792219
n_fatigue_ring_2,0.3905,0.807065458126806,1.2388388524399325
n_fatigue_ring_1,0.472,0.4939435816200701,1.7376109545399052
n_fatigue_ring_2,0.30025,0.015587105635931912,1.8504911126655625
stage_1.pinion.n_b,0.483,0.23796814427089058,2.0045201809443056
n_fatigue_ring_2,0.491,1.0989504812876623,1.1646031003445667
stage_1.pinion.n_b,0.4845,0.6782382359399074,1.5714319382637019
stage_1.pinion.n_b,0.5387000000000001,0.0853188919622796,2.287366659218252
n_fatigue_ring_2,0.50825,0.5393675296247409,1.769348187854925
n_fatigue_ring_2,0.8005,0.19822463491125183,2.7596287025217787
n_fatigue_ring_2,0.754,2.1165446870302245,1.703822654693401
n_fatigue_ring_2,0.74,0.9982218728310558,1.8246890207097184
stage_1.pinion.n_c,0.68625,1.3594105537177135,1.5505219479152172
stage_1.pinion.n_c,0.6295,1.2592827423539497,1.422811771276777
stage_1.pinion.n_c,0.564,1.1429050224988668,1.286932816283569
stage_1.pinion.n_c,1.3105,1.457288858436514,2.9512944804925247
n_fatigue_keyway_2,0.7195,1.3572042021753503,1.6319521325317763
stage_2.pinion.n_b,0.3705,0.7636112857402692,1.241939347068453
n_fatigue_ring_2,0.61075,1.1876258291503563,1.3904880130283244
key_1.n_crush,0.25825,0.1065511819755031,1.6604403885459795
n_fatigue_ring_2,0.693,0.9906256729129957,1.7272542619848688
stage_1.pinion.n_b,0.2755,0.17744274889044825,1.6135699977564588
stage_2.pinion.n_b,0.397,0.7275288255746023,1.3380740699690314
n_fatigue_ring_2,0.43,1.0641302487764879,1.0690955789602703
key_1.n_crush,0.4982,0.11617167040969872,2.1668751797602948
stage_1.pinion.n_b,0.5645,0.3836177361503707,2.0463535731011664
stage_2.pinion.n_b,0.4965,0.44664388372109687,1.8384158795819285
n_fatigue_ring_2,0.411,0.9808270208512353,1.1097446141130425
n_fatigue_ring_2,0.546,0.6988427951160214,1.6899180804449636
n_fatigue_ring_2,0.626,0.18494198484902888,2.387251940968214
n_fatigue_ring_2,0.42375,0.5927341217365453,1.527598133267084
stage_1.pinion.n_b,0.2635,0.18946200301637825,1.5749720555072142
key_1.n_crush,0.346,0.17664596357976228,1.7896125919249721
stage_1.pinion.n_c,0.858,2.2047243154409175,1.9356448282723897
n_fatigue_keyway_2,0.7475,0.12254803465091589,2.7163106140568973
stage_1.pinion.n_b,0.5262,0.12520621058933223,2.2137849525068747
stage_2.pinion.n_b,0.3575,0.0026089846884509785,2.201470241874577
n_fatigue_ring_2,0.6645,0.23016751354722334,2.422197096226431
stage_2.pinion.n_b,0.37425,0.669125500885467,1.3492594631216224
stage_1.pinion.n_c,0.491,1.1581969680915902,1.1184479796379714
stage_1.pinion.n_c,0.836,1.2942156105254188,1.8886408041055303
n_fatigue_ring_2,0.21450000000000002,0.019877448958845412,1.6857208927252165
stage_2.pinion.n_b,0.42625,0.32482729207746963,1.8071015115756983
n_fatigue_keyway_2,0.566,1.1861795665072616,1.2901600756186624
stage_2.pinion.n_b,0.27675,0.005937110821687434,1.8929935698746732
stage_1.pinion.n_b,0.51875,0.573716280585162,1.7531983055120035
n_fatigue_ring_2,0.42425,0.19884398178002105,1.9221766020125421
stage_1.pinion.n_c,0.7645,1.5905440981996324,1.7243482830621717
n_fatigue_keyway_2,0.52625,1.0640707353958359,1.2845420565471284
n_fatigue_ring_2,0.48325,0.8327028335983617,1.4241256840215692
stage_1.pinion.n_c,0.7125,1.9795765142112953,1.6115051686678687
stage_1.pinion.n_b,0.2943,0.1270255724045729,1.7063694361642374
stage_1.pinion.n_b,0.6375,1.0783558388211545,1.5151995430157514
stage_2.pinion.n_b,0.405,0.6797573718308071,1.4070435040800204
n_fatigue_ring_2,0.553,0.857065992255189,1.5496282938225903
key_1.n_crush,0.3232,0.04779386072721784,1.8435239779699062
stage_2.pinion.n_b,0.3485,0.5795693672735558,1.3824022752070497
stage_2.pinion.n_c,0.7925,1.9800606444791882,1.7921137519960462
n_fatigue_ring_2,0.35,0.4971835943424091,1.458092396393373
stage_1.pinion.n_c,0.6535,1.0563388390422086,1.5715919374104632
n_fatigue_ring_2,0.71,1.2115312560251275,1.6078499877344101
stage_1.pinion.n_c,0.487,1.3571946687085628,1.1099944781471878
stage_2.pinion.n_c,0.5045,1.0065014067730864,1.3078858229623418
n_fatigue_ring_2,0.3975,0.7651204553243854,1.2960744080424642
n_fatigue_ring_2,0.518,0.9769792669603728,1.3490718797669736
n_fatigue_ring_2,0.4845,0.4669364554220247,1.7984407765182493
n_fatigue_ring_2,0.4035,1.0133149888358572,1.055929831487476
n_fatigue_ring_2,0.4095,0.702101491905448,1.3842091240079077
key_1.n_crush,0.37925,0.35970299022704855,1.6734404981074313
stage_1.pinion.n_c,0.517,1.2412907774388442,1.1744177421616016
n_fatigue_ring_2,0.484,0.734843300429712,1.5190212736354025
stage_1.pinion.n_b,0.3503,0.2764752860249571,1.6816428258311737
key_1.n_crush,0.551,0.18164938453241558,2.21385256825417
n_fatigue_ring_2,0.4995,1.0487512921428577,1.240676990537771
n_fatigue_ring_2,0.8425,1.2875864706781646,1.9016726346553636
stage_1.pinion.n_b,1.225,0.6930770459590305,3.217731497409693
stage_1.pinion.n_c,0.675,1.0029921926147638,1.6701267311385266
stage_1.pinion.n_c,1.1645,2.00557946921767,2.6242566363413924
stage_1.pinion.n_c,0.625,1.3699236300478768,1.4129228218688643
stage_1.pinion.n_b,0.4038,0.1567284940151757,1.9147235622220615
n_fatigue_ring_2,0.3845,0.3120356190718152,1.724131471617496
stage_2.pinion.n_b,0.383,0.044929808283550296,2.0434372583360605
stage_1.pinion.n_c,1.124,1.4463057745903376,2.5325906971478487
stage_2.pinion.n_b,0.355,0.5358221174425464,1.439684562529491
n_fatigue_ring_2,0.61,1.084260186470328,1.4558553851964116
stage_1.pinion.n_c,1.0725,1.4307114430242684,2.418532588730813
stage_1.pinion.n_b,0.5105,0.1657642215841244,2.141446149729814
stage_1.pinion.n_b,0.578,0.14000038720970082,2.3162212911369324
n_fatigue_ring_2,0.582,0.9615009681542197,1.5083383417143998
stage_2.pinion.n_b,0.3145,0.14600322913057975,1.7502987748379344
n_fatigue_ring_1,0.49625,0.4784469727065741,1.799416197348913
stage_2.pinion.n_b,0.4105,0.7417806732961479,1.344300677581373
stage_2.pinion.n_b,0.449,0.5344717014690132,1.6522514719527848
stage_1.pinion.n_b,0.6235,0.6294547164283112,1.928660709588167
key_1.n_crush,0.59,0.21511200642999498,2.2690501826526606
n_fatigue_ring_2,0.9315,1.7124674458579634,2.1068758915791332
stage_1.pinion.n_b,0.457,0.6797250200201995,1.5116140015186628
key_1.n_crush,0.794,0.6345698119128739,2.3101914194857347
stage_1.pinion.n_c,0.91,2.53996582694596,2.0539322596017797
n_fatigue_ring_2,0.586,1.4333033007880152,1.3317077716088817
n_fatigue_ring_2,0.4945,0.35442237914126007,1.9225161007149558
key_1.n_crush,0.416,0.11183698082699224,1.9874243752408571
stage_2.pinion.n_c,0.71125,1.9728069704067879,1.6148858331721117
n_fatigue_ring_2,0.719,0.7044473339507601,2.0745094161238753
stage_1.pinion.n_b,0.779,0.1585888327992783,2.7545713445776845
stage_1.pinion.n_b,0.3775,0.7095543594989965,1.3107576798452336
stage_2.pinion.n_b,0.3675,0.07895223224125456,1.9286293826411929
n_fatigue_ring_2,0.42825,0.28936124440976696,1.8446745501082398
stage_1.pinion.n_b,0.576,0.2914544009884878,2.1617396284532338
stage_1.pinion.n_b,0.354,0.13228120118369271,1.8249233979561637
n_fatigue_ring_2,0.569,0.9173467918822794,1.5242855437312235
stage_2.pinion.n_c,0.872,2.2523163970013487,1.9734148682718122
stage_1.pinion.n_c,0.7675,1.3129043103869649,1.7296782755278228
stage_1.pinion.n_b,0.162,0.04152046434916414,1.517926241940736
stage_1.pinion.n_b,0.4664,0.10133795157262203,2.1078257369218725
n_fatigue_ring_2,0.3945,0.048419120806166116,2.0129581133135606
stage_1.pinion.n_c,0.57125,1.489461483308045,1.294018732350022
stage_2.pinion.n_b,0.3145,0.41551697695844136,1.4617808055829893
key_1.n_crush,0.4405,0.2788364836001547,1.8792226163718564
stage_1.pinion.n_b,0.532,0.13334950414437038,2.2173605545174127
n_fatigue_ring_2,0.374,0.25583333003341735,1.761966080018991
stage_2.pinion.n_b,0.24775,0.06286971418371036,1.7447077268321332
stage_2.pinion.n_b,0.24795,0.02427553286352529,1.7597265945150178
n_fatigue_ring_2,0.55,0.9714539016415195,1.4284349795820095
n_fatigue_ring_2,0.4805,0.8367233106664264,1.4042584273799954
stage_1.pinion.n_b,0.4465,0.691704717916966,1.4713721139570277
stage_2.pinion.n_b,0.39975,0.5055577203330442,1.5663824170073137
key_1.n_crush,0.24525,0.09295994787084873,1.6540549312085244
n_fatigue_keyway_2,0.6475,0.008154510512807196,2.637895898143907
key_1.n_crush,0.29025,0.16600848320282685,1.6542397495356187
stage_1.pinion.n_c,0.6385,1.708534254744268,1.445603035842676
n_fatigue_ring_2,0.47125,1.3252963210584576,1.0756144881373724
stage_2.pinion.n_c,0.58375,1.415879706233957,1.3238075403819836
n_fatigue_keyway_2,0.982,1.9746524471881093,2.2153124292147783
n_fatigue_ring_2,0.5745,0.04702264005046809,2.405366387753161
n_fatigue_ring_2,0.3975,0.7169528612455006,1.3452818725606313
stage_2.pinion.n_b,0.486,0.6803523931330118,1.5861067051498725
stage_2.pinion.n_b,0.3065,0.08926357352927194,1.7895961685360036
stage_1.pinion.n_c,1.046,2.117976001364617,2.356817490198407
stage_1.pinion.n_c,0.474,0.9979661998840869,1.2355351944298258
stage_2.pinion.n_b,0.346,0.4128892298643003,1.5389258280414968
n_fatigue_ring_2,0.41125,0.2993218060135353,1.7957790892045922
n_fatigue_keyway_1,0.952,1.2660890380238141,2.1536185309631355
n_fatigue_ring_2,0.9565,0.019076532606525587,3.290257909962665
n_fatigue_ring_2,0.584,1.4706194975008595,1.3219818177203353
n_fatigue_ring_2,0.265,0.11891863283290476,1.642089153376803
key_1.n_crush,0.4805,0.13923518566348903,2.1012555261254278
stage_1.pinion.n_c,0.486,1.043485811129907,1.2144398470214401
stage_1.pinion.n_c,0.4465,0.977905282569371,1.1871100076657302
stage_2.pinion.n_b,0.3075,0.047574586064740666,1.8651045398941928
n_fatigue_keyway_2,0.913,0.19299443779872813,3.015565129267446
stage_1.pinion.n_b,0.28585000000000005,0.10273477569792053,1.7095368897175087
n_fatigue_ring_2,0.30825,0.19575843359160874,1.6800552591004472
stage_2.pinion.n_b,0.336,0.19440626878574183,1.7345318604332147
key_1.n_crush,0.47525,0.24904625967866256,1.9815797793886423
n_fatigue_ring_2,0.671,0.8661330895944308,1.8009348778236265
n_fatigue_ring_2,0.505,0.7168019385559391,1.5901587965102049
stage_2.pinion.n_b,0.42875,0.7007665136924631,1.435135068383086
key_1.n_crush,0.8965,1.0843011074743643,2.0909494982439782
n_fatigue_ring_1,0.631,0.02457843851935364,2.5593407108486197
n_fatigue_ring_2,0.37,0.015234567629795581,1.9877396065805535
stage_2.pinion.n_b,0.33875,0.48852384801356863,1.4508725436077434
key_1.n_crush,0.5356000000000001,0.2139491212890807,2.152278695773482
stage_2.pinion.n_b,0.5333,0.01164520153811113,2.442020340577933
stage_1.pinion.n_b,0.4805,0.7441071226609711,1.4938264682633033
stage_1.pinion.n_b,0.36619999999999997,0.1036655972508694,1.875494122732575
stage_1.pinion.n_c,0.52125,0.9202349007214178,1.4139574491769114
stage_2.pinion.n_b,0.13600000000000004,0.02877298280210187,1.4715063843127192
n_fatigue_ring_2,0.36,0.010557187831725517,1.9640550536979458
n_fatigue_keyway_2,0.57625,0.10778833189444312,2.3496658424399697
stage_2.pinion.n_c,0.69375,1.9735966705900014,1.577626043271298
stage_1.pinion.n_c,1.342,1.8860281593262112,3.0199794253028327
n_fatigue_keyway_1,0.34725,0.20589171530735734,1.750466888396823
stage_1.pinion.n_c,0.525,1.091901801267405,1.2541397091285118
stage_1.pinion.n_b,1.065,0.4729089160983232,3.080209564826172
stage_2.pinion.n_b,0.4585,0.036348753698682804,2.221266045704752
stage_2.pinion.n_b,0.253,0.09316649949164807,1.6728164406681814
stage_2.pinion.n_b,0.3583,0.07364566320362444,1.911423972712982
stage_2.pinion.n_b,0.406,0.023569052999007793,2.166924143029127
n_fatigue_keyway_2,0.77875,0.02590230245971634,2.883302694571738
stage_1.pinion.n_b,0.4148,0.10157955100571767,1.9825617079744633
stage_1.pinion.n_c,0.551,0.8822560544291138,1.518831912321832
stage_1.pinion.n_c,0.8615,1.3302638126633475,1.941932031097732
key_1.n_crush,1.04875,0.7363391843674238,2.7745217842285457
stage_2.pinion.n_b,0.326,0.44911703651523605,1.469111669400221
stage_2.pinion.n_b,0.3165,0.2980687454418949,1.5955800895024106
key_1.n_crush,0.4065,0.4620264538713049,1.6167744891393339
n_fatigue_ring_2,0.618,0.06149163302356297,2.4913043979250697
stage_2.pinion.n_b,0.24225,0.013959383067345196,1.723944762580137
stage_2.pinion.n_b,0.3175,0.29220489718822196,1.598429853303737
stage_2.pinion.n_b,0.199,0.057462547762464344,1.5991478756974635
stage_1.pinion.n_c,1.08175,1.200938217375671,2.436864678676145
key_1.n_crush,0.62325,0.36871413072368536,2.1889267456553068
n_fatigue_ring_2,0.42475,0.12908634174771072,1.9909231074698697
stage_2.pinion.n_b,0.28225,0.19805534592094134,1.6108053523048038
stage_2.pinion.n_c,0.719,1.2914202557014893,1.6366617711063607
n_fatigue_ring_2,0.835,0.5449236939613302,2.5023175900734036
stage_1.pinion.n_c,0.851,2.75757248540133,1.9205249717180033
n_fatigue_ring_1,0.6385,0.8902118389134636,1.7098241067162296
stage_2.pinion.n_c,0.62925,1.2285349555932676,1.4259581857547003
n_fatigue_ring_2,0.508,0.07275888483330961,2.232619995628371
n_fatigue_ring_2,0.451,0.38501186754463873,1.7964142442482414
n_fatigue_ring_2,0.49075,0.01310203369241111,2.2840476553308244
n_fatigue_ring_2,0.5725,0.13726144808376992,2.331524883642721
stage_1.pinion.n_c,0.6735,1.0926233140293655,1.577587519535689
n_fatigue_ring_2,0.53,0.2725747185454623,2.081494743309625
n_fatigue_ring_2,0.51,0.04838522859687952,2.2750532378436654
n_fatigue_ring_2,0.629,1.575785965471325,1.425697096500009
key_1.n_crush,0.2625,0.14782382715927223,1.6314750290818516
stage_2.pinion.n_b,0.5405,0.2489579873850766,2.1425540448912885
stage_2.pinion.n_b,0.31560000000000005,0.018703189086673785,1.9107651006869606
n_fatigue_ring_2,0.632,0.38780717861116126,2.2047974938893034
stage_2.pinion.n_b,0.479,0.39155068918228636,1.8497097150194706
stage_2.pinion.n_c,0.448,1.0163953406079056,1.1690388529327764
stage_1.pinion.n_c,1.02,1.110448824458297,2.3415298439517227
n_fatigue_ring_2,0.4475,0.07396686332676038,2.1030738662191366
n_fatigue_ring_1,0.5725,0.6772186838848406,1.7739012293856105
stage_2.pinion.n_c,0.7335,1.7460664070627883,1.6558278435884264
stage_2.pinion.n_b,0.406,0.10668553816966399,1.989583770293795
stage_1.pinion.n_c,0.42,1.066369092071263,1.0494490339965088
n_fatigue_ring_2,0.8095,0.3112957336794952,2.674596240874855
stage_1.pinion.n_c,1.1235,1.7088007303656292,2.5272649961126437
stage_2.pinion.n_b,0.2765,0.1867316887707533,1.6183911821902492
stage_1.pinion.n_c,0.662,1.3738684112987476,1.5016993160186864
n_fatigue_ring_2,0.364,0.2643017468327702,1.7241153452907056
key_1.n_crush,0.8425,0.3592394584473061,2.687350961367701
n_fatigue_ring_2,0.441,0.518655640637006,1.646425251526389
stage_1.pinion.n_b,0.973,0.4719304513044899,2.8729565598278617
key_1.n_crush,0.2825,0.21704514343881834,1.5872248643776077
stage_2.pinion.n_b,0.3955,0.3880111654171197,1.673424849760466
stage_1.pinion.n_c,0.9325,1.832588221574506,2.1017424585764592
stage_2.pinion.n_b,0.41125,0.7633029869126697,1.332363967061615
stage_2.pinion.n_b,0.3348,0.018391786239219405,1.9988471381598765
key_1.n_crush,0.812,1.0231932587337877,1.9565533799424577
stage_2.pinion.n_b,0.354,0.028197995300942837,1.9766790165235506
stage_1.pinion.n_b,0.4245,0.2602311380346581,1.8530809880595729
n_fatigue_ring_2,0.5225,0.7811490420334145,1.5555077590365898
n_fatigue_ring_2,0.35075,0.5406563247991042,1.4135458242954422
stage_1.pinion.n_c,0.957,1.009846007921117,2.2926888365074585
key_1.n_crush,0.5065,0.5673222516018747,1.7370162219934948
n_fatigue_ring_2,0.22640000000000002,0.0012802943880145649,1.696664730905076
n_fatigue_ring_2,0.798,0.11026883775221127,2.843893634698337
stage_2.pinion.n_b,0.279,0.010422852559795567,1.8742953952015184
stage_2.pinion.n_b,0.266,0.0672948299043005,1.7262915285615092
stage_1.pinion.n_c,0.5675,1.2716435639317132,1.2844590799859419
key_1.n_crush,0.6105,0.43249051338885974,2.094451260975294
stage_2.pinion.n_b,0.426,0.5706908438561893,1.5589435372922922
n_fatigue_ring_2,0.9445,1.900353129518924,2.1342885712294755
stage_1.pinion.n_c,0.742,1.252903489751725,1.672998558153579
key_1.n_crush,0.8455,0.284965455452209,2.774119259716373
stage_1.pinion.n_c,0.934,2.9675356166192723,2.109532498652461
stage_1.pinion.n_b,0.8705,0.15531901990395436,2.9682639791790546
n_fatigue_keyway_2,0.5815,0.2743790611860939,2.1954486819655674
n_fatigue_ring_2,0.748,1.5220122441165127,1.6939651931833735
n_fatigue_ring_2,0.4315,0.46257869639135285,1.6761167089017868
key_1.n_crush,0.705,0.911984986781101,1.8352820489417014
stage_2.pinion.n_b,0.201,0.05409887809212243,1.6048897961729964
stage_2.pinion.n_b,0.2039,0.027497910919376357,1.6567496121211291
n_fatigue_ring_2,0.4325,0.0354867701695956,2.107245498286019
n_fatigue_ring_2,0.7325,1.9348930914465823,1.6583103907085
n_fatigue_keyway_2,0.6315,0.23467298675797457,2.3486182739024755
stage_1.pinion.n_c,0.6415,0.9330574016306012,1.6695291062524271
n_fatigue_ring_2,0.4325,0.5825148758707859,1.5592559401185488
n_fatigue_keyway_2,0.509,0.024158473890595552,2.2879080860726733
stage_1.pinion.n_c,1.845,1.2373414829101677,4.156048951183016
stage_2.pinion.n_b,0.47825,0.3961565497823642,1.844255108647968
n_fatigue_ring_1,0.248,0.02344890131672524,1.717229046953852
n_fatigue_keyway_2,1.3105,0.08079370942240834,4.022059406718597
n_fatigue_keyway_2,2.092,0.06966351830711276,5.792360970979482
n_fatigue_keyway_2,0.62,0.9089870344094719,1.6570224197545016
stage_2.pinion.n_b,0.428,0.7130909239787506,1.4271195999606954
n_fatigue_ring_2,0.637,1.8041686127577303,1.4420652141458137
stage_1.pinion.n_c,0.48775,1.0102096861201146,1.2515117248439538
n_fatigue_ring_2,0.254,0.03205650967639629,1.74396141311626
stage_2.pinion.n_b,0.1653,0.041945025308785265,1.543738216462472
n_fatigue_ring_2,0.349,0.3069782596379342,1.6487790993339655
stage_1.pinion.n_b,0.3082,0.23431658904741826,1.6396815491828576
stage_1.pinion.n_b,0.2945,0.5455353752350238,1.2943814155141378
stage_1.pinion.n_c,0.828,1.0091865666604818,2.009068313862584
stage_2.pinion.n_b,0.1912,0.02633443108994581,1.6490912030451577
key_1.n_crush,0.41,0.27340766474447176,1.8219924021798637
stage_1.pinion.n_c,0.7255,1.636697859663757,1.6440573341623803
stage_2.pinion.n_b,0.3965,0.333329935045215,1.7485297940662574
stage_1.pinion.n_b,0.364,0.07814463883393434,1.8977190514918034
stage_2.pinion.n_b,0.24950000000000003,0.02116598289719751,1.8151371200169981
stage_2.pinion.n_b,0.5625,0.9445607878121981,1.4997133317638014
stage_2.pinion.n_b,0.284,0.12304277420627097,1.6922829000120605
stage_2.pinion.n_b,0.2084,0.04927963922314739,1.602071030980742
stage_1.pinion.n_c,0.848,2.038459300294451,1.9152052923790068
key_1.n_crush,0.895,0.9414379731899879,2.2286469847384933
stage_2.pinion.n_b,0.2795,0.09999475627528953,1.7138907595850437
stage_1.pinion.n_c,0.6375,1.4631241213224335,1.4456951241746026
stage_1.pinion.n_c,0.79125,1.6221842404935711,1.7922639039167483
n_fatigue_keyway_2,0.6895,0.5866825278532505,2.1246090385498864
n_fatigue_keyway_2,0.773,0.11825480348294211,2.7771865931985076
key_1.n_crush,0.79,0.24152541577136022,2.6920878145740237
n_fatigue_ring_2,0.3655,0.6142383058742287,1.3750179176709723
stage_2.pinion.n_b,0.211,0.033224081691147,1.6540279587434294
n_fatigue_ring_2,0.40725,0.5665014397675391,1.521526422586603
stage_2.pinion.n_b,0.312,0.08495150911671574,1.8186185707390665
n_fatigue_ring_2,0.38375,0.00938979437608624,2.0218017284528047
stage_2.pinion.n_b,0.3515,0.31146116774407906,1.668625376049283
n_fatigue_ring_2,0.274,0.037929467821427636,1.8058807359363063
stage_1.pinion.n_c,0.733,1.6720515813923646,1.6598375006495205
stage_1.pinion.n_b,0.5605,0.5604970203872369,1.8624585418211383
n_fatigue_ring_2,0.68,1.3739264563059048,1.5374534444705032
stage_1.pinion.n_c,0.681,1.2712577420778242,1.5408361403005069
stage_2.pinion.n_b,0.39775,0.20368732806770806,1.8849179771576219
stage_2.pinion.n_c,0.4425,1.1537031611973163,1.0135111398930081
n_fatigue_ring_2,0.336,0.3751070532159453,1.5548796229716624
stage_2.pinion.n_b,0.56875,1.201287165772175,1.2990767185381413
n_fatigue_keyway_1,0.97,0.3294759925363412,3.0060118163065948
stage_1.pinion.n_c,0.486,1.1285885604305368,1.1299361417561693
key_1.n_crush,0.3395,0.33044306287321146,1.5989591040849012
n_fatigue_ring_2,0.3685,0.29603623105723936,1.7086768565734278
n_fatigue_ring_2,0.5125,0.9472804906817679,1.3682499366949221
stage_2.pinion.n_b,0.33625,0.007688232047809112,2.0286571432388243
n_fatigue_ring_2,0.5795,0.8154205624916611,1.6583214117446328
stage_1.pinion.n_c,0.878,1.3749339732396162,1.9807243171459388
n_fatigue_ring_2,0.4825,0.5081108708311184,1.7485171234541876
n_fatigue_ring_2,0.552,1.1845834591650493,1.255565091263671
n_fatigue_ring_2,0.63,1.2461747259130427,1.4318603390931612
n_fatigue_ring_2,0.36375,0.11662941988822774,1.8800630364825044
stage_1.pinion.n_c,0.498,1.5260999025398712,1.1360464142947
stage_1.pinion.n_c,1.1235,1.344375152926794,2.5301391936552515
stage_2.pinion.n_b,0.38975,0.7358018316797186,1.3123889815947896
n_fatigue_ring_2,0.398,0.3127066383014707,1.7628980015087727
key_1.n_crush,0.69375,0.9577339512612627,1.7646626965416776
stage_1.pinion.n_c,0.6625,1.1914956338975689,1.498131447911811
n_fatigue_keyway_2,0.7325,0.5061240809726416,2.302112707668057
stage_2.pinion.n_c,0.632,1.5187267200040675,1.4382810716483836
stage_2.pinion.n_b,0.547,0.926215267654445,1.4751565845843326
stage_2.pinion.n_c,0.456,1.1808731449353818,1.0503325654423679
stage_1.pinion.n_c,1.55,0.7497505391531998,3.89621244533007
stage_1.pinion.n_c,0.7305,1.2357978140747439,1.6487447167217955
n_fatigue_ring_2,0.5615,1.2688379937119267,1.2793809809487982
n_fatigue_ring_2,0.6385,1.5937648163163238,1.4482386740323645
stage_2.pinion.n_b,0.458,0.6527981326352189,1.5399709825533943
stage_1.pinion.n_c,0.6015,1.3760510557921697,1.3690769782695258
stage_2.pinion.n_b,0.3365,0.08569318701481751,1.8591893381879583
stage_1.pinion.n_c,0.784,2.0127414734609244,1.7682452524654448
stage_1.pinion.n_c,0.614,1.1358088921156537,1.4070968005453415
key_1.n_crush,0.36855,0.09360882740563499,1.9001750055403297
stage_2.pinion.n_c,0.4715,1.059774549669248,1.1697439869705295
stage_2.pinion.n_b,0.45825,0.34658441025745934,1.8569105833757036
key_1.n_crush,0.5535,0.466421891675194,1.9390163314693722
stage_2.pinion.n_b,0.30425,0.5385823270731253,1.3298281313253328
stage_1.pinion.n_b,0.277,0.2639773813236886,1.542868842772457
n_fatigue_ring_2,0.4495,0.5755067174711017,1.60456773730624
stage_1.pinion.n_b,0.3925,0.030571550915385128,2.037437718514179
n_fatigue_ring_2,0.6155,0.32302070992433946,2.260121450165105
n_fatigue_ring_2,0.4365,0.7976838659577622,1.346910557702359
stage_1.pinion.n_c,1.4625,1.9246892145259842,3.293867599154127
stage_1.pinion.n_c,0.88125,1.958597510786545,1.9917457926130206
n_fatigue_ring_2,0.42925,0.7043574152795549,1.4291041887500087
n_fatigue_ring_2,0.73125,1.424290811506489,1.652257187303378
n_fatigue_ring_1,0.1542,0.018186724167303246,1.5209393123275043
n_fatigue_ring_2,1.012,1.1935002022032835,2.2839162554879158
n_fatigue_ring_2,0.355,0.31198904321034804,1.6564399342886285
n_fatigue_ring_1,0.325,0.3058305720325989,1.5942448229522805
n_fatigue_keyway_1,1.265,0.6943235944787635,3.306975904791292
stage_2.pinion.n_c,0.6105,1.97314716618667,1.386603592633293
stage_2.pinion.n_b,0.172,0.0067917437898399316,1.6820212351733526
stage_1.pinion.n_c,0.408,0.942050770322721,1.1422107877554193
stage_1.pinion.n_c,0.818,1.1780477627339259,1.8461558447569493
stage_2.pinion.n_b,0.40645000000000003,0.033369409281867816,2.101779455255598
stage_1.pinion.n_c,0.54,1.4661232535531652,1.2318376656610313
stage_1.pinion.n_c,0.641,1.787977492033763,1.45472304031544
stage_2.pinion.n_b,0.228,0.007446350804893049,1.7911159118272746
stage_1.pinion.n_c,0.6125,1.0639515285447843,1.4756970976027712
n_fatigue_keyway_1,0.57,0.02970567908771705,2.427233750023089
key_1.n_crush,0.4885,0.4541596200954998,1.8102593443856265
n_fatigue_ring_2,0.377,0.9024148871922866,1.1155507680802481
n_fatigue_keyway_2,0.677,0.7150456979654943,1.9665561873962574
n_fatigue_ring_1,0.477,0.16147613637362807,2.075110519282662
n_fatigue_ring_1,0.6445,0.5162136249222627,2.0940964861404825
stage_2.pinion.n_c,0.866,2.396689786579544,1.960714977427567
n_fatigue_keyway_2,0.78,0.6774949811676623,2.2348690882696025
stage_2.pinion.n_c,0.569,1.2579261080876099,1.2997538492068297
stage_2.pinion.n_b,0.39390000000000003,0.17309233741320396,1.879678096072761
stage_1.pinion.n_b,0.5636,0.09488763728150053,2.3295949345174676
n_fatigue_ring_2,0.61875,0.33858112006076674,2.2217522324638384
stage_2.pinion.n_b,0.269,0.06619940793382913,1.731901572822078
stage_2.pinion.n_b,0.236,0.07934423352210722,1.64409574321105
key_1.n_crush,0.3175,0.2750696996134947,1.6192357553505434
n_fatigue_ring_2,0.47425,0.6078964623089091,1.628437213134346
stage_1.pinion.n_b,0.434,0.6883116852251869,1.455595062139524
n_fatigue_ring_2,0.586,0.5164199319509737,1.9747346247907978
key_1.n_crush,0.418,0.33601383116153527,1.7756261155630204
n_fatigue_ring_2,0.47475,0.5770781063447362,1.659274650326991
n_fatigue_keyway_2,1.1925,2.100567079176828,2.6949568047757517
stage_2.pinion.n_c,0.48,1.2178414170513834,1.1015348350304273
stage_1.pinion.n_b,0.384,0.019388691326372748,2.0320216982494004
stage_1.pinion.n_c,0.6935,1.7694627328610608,1.5711494098774672
stage_1.pinion.n_c,0.696,1.549374540960066,1.577204440370542
stage_2.pinion.n_b,0.424,0.6796021890108186,1.4501459466658317
n_fatigue_ring_2,0.4635,0.5870207096138467,1.6353525492618655
key_1.n_crush,0.3985,0.4632565062509457,1.6008916315671273
n_fatigue_ring_2,0.408,0.6724747576302355,1.4298277882175607
n_fatigue_keyway_2,0.694,0.12280039177168667,2.5988699605916032
n_fatigue_keyway_2,0.6485,0.6407314828453282,1.9904457713320336
stage_2.pinion.n_b,0.37,0.8870269170887163,1.1228385064713957
stage_2.pinion.n_c,0.57,1.1996634493698106,1.301961708108684
n_fatigue_ring_2,0.83,0.09161288326068204,2.937581163490116
stage_1.pinion.n_c,0.9575,1.6821217423647203,2.1621485115065315
n_fatigue_ring_2,0.5075,0.7302578232622791,1.5793392690135644
n_fatigue_ring_2,0.412,0.8687689042267421,1.2265279319978588
stage_1.pinion.n_b,0.538,0.7312445438215164,1.640637358884271
key_1.n_crush,0.91625,2.219318464551664,2.0703978721474443
key_1.n_crush,0.374,0.38025771421592214,1.6435936457602554
n_fatigue_keyway_2,0.8925,2.0388012094149977,2.0176152091212423
stage_1.pinion.n_b,0.29985,0.13575729359098462,1.7101560936388662
stage_1.pinion.n_c,1.0385,1.172657178059987,2.3419464048247893
n_fatigue_ring_2,0.692,0.14025755784017394,2.583429805686971
stage_2.pinion.n_b,0.236,0.050167152265546786,1.6868836345017595
stage_1.pinion.n_c,0.6825,1.5526769005029304,1.544568586615833
n_fatigue_ring_2,0.4035,0.2314837697401721,1.843782894859588
n_fatigue_ring_2,1.213,0.3226411483412761,3.5596895178702304
stage_2.pinion.n_b,0.20375,0.14928232288635737,1.4982670893972683
n_fatigue_ring_2,0.4815,1.068180927406584,1.180660239397609
stage_2.pinion.n_c,0.532,1.2858071166440042,1.2138491332652874
n_fatigue_ring_2,0.3345,0.048886114035905294,1.8854042281680532
stage_1.pinion.n_c,0.7845,2.083173494630066,1.7761840414395431
stage_2.pinion.n_b,0.37,0.5681045441377506,1.4380525545272438
stage_2.pinion.n_b,0.12375,0.008982420041917292,1.5179795033810641
n_fatigue_ring_2,0.411,0.2067527872109973,1.8984421114785357
stage_2.pinion.n_b,0.3825,0.36965229441543257,1.6715179327197116
n_fatigue_ring_2,0.645,1.1419954100668397,1.4724197441193034
n_fatigue_keyway_2,0.3425,0.015581693547876618,1.9349687783270442
n_fatigue_keyway_2,0.7925,0.9193262299163875,2.0263467417610377
stage_2.pinion.n_b,0.30175,0.20087611704280928,1.6617674992223006
stage_1.pinion.n_c,0.426,1.1129703881617634,1.0136536962613774
stage_2.pinion.n_b,0.278,0.11238359092767201,1.6914456122820984
key_1.n_crush,0.541,0.9486281427950435,1.429154296926958
stage_1.pinion.n_b,0.72425,0.5399002209922069,2.24202419636738
n_fatigue_keyway_1,0.7445,0.3475914074908396,2.4851643306444315
key_1.n_crush,0.4365,0.4503183188189028,1.7006566559918388
stage_1.pinion.n_c,0.542,1.1398195405202391,1.2388804814945684
stage_1.pinion.n_c,0.9585,1.6953816188986288,2.162570977868697
stage_1.pinion.n_c,0.871,1.9743544557740527,1.9642457863487133
stage_2.pinion.n_b,0.468,0.622641139548311,1.596680513264863
stage_2.pinion.n_b,0.331,0.37145633309274195,1.5561769631950115
n_fatigue_keyway_2,0.696,0.07257028924487002,2.65260466863169
stage_1.pinion.n_c,0.594,1.4387448011209472,1.3473437802348887
stage_1.pinion.n_c,0.626,1.013867186797189,1.555792693317942
stage_2.pinion.n_b,0.219,0.007553106465110969,1.7948849814444388
key_1.n_crush,0.34375,0.2781581036070951,1.669360018169929
n_fatigue_ring_2,0.4715,1.118414274943009,1.1070920858289721
n_fatigue_ring_2,0.4575,0.7753896341155452,1.4224677423183378
stage_2.pinion.n_b,0.459,0.2951018845388712,1.9162622772182591
key_1.n_crush,0.30375,0.2018654672450822,1.6720798183055325
n_fatigue_ring_2,0.491,1.1126250348739124,1.1548149170077464
n_fatigue_ring_2,0.431,0.5990574534899957,1.537315158951457
stage_1.pinion.n_b,0.36825,0.2323162366156138,1.7649622965287965
stage_1.pinion.n_c,0.6345,1.1134732370497897,1.4744914146119628
n_fatigue_ring_2,0.58,0.006042206800580763,2.4595967713793083
n_fatigue_ring_2,0.847,1.1055279819042358,1.960851158341391
n_fatigue_ring_2,0.39775,0.5801344636435014,1.479096469493176
n_fatigue_ring_2,0.385,0.10804145099924153,1.931579939151379
stage_1.pinion.n_b,0.35,0.6331741336488016,1.3270079799678807
stage_1.pinion.n_c,0.453,1.148554879467476,1.0389679986027576
stage_2.pinion.n_b,0.496,0.880311056473671,1.4008608950196257
key_1.n_crush,0.4585,0.5598589768156034,1.638771979829495
stage_1.pinion.n_c,0.636,1.1951001110437292,1.4415828315265802
key_1.n_crush,0.4315,0.48632433638784683,1.6521001055445306
stage_1.pinion.n_b,0.31925,0.29847059278443855,1.5935159716294902
stage_2.pinion.n_b,0.2715,0.05468401297402391,1.752499590605167
n_fatigue_ring_2,0.545,0.0786133251522419,2.3156240483003168
n_fatigue_keyway_2,0.6675,1.3605881911694977,1.5130801632026722
stage_2.pinion.n_b,0.34375,0.2457863553623376,1.7002322908111396
n_fatigue_ring_2,0.6475,1.2477601678309311,1.4697411094341122
stage_2.pinion.n_b,0.28825,0.22407327289136034,1.601950986298257
stage_1.pinion.n_c,0.8235,1.0963765278255069,1.916213910763407
n_fatigue_ring_2,0.5765,1.2787014410870272,1.3153316514899536
stage_1.pinion.n_b,0.3515,0.2619859124251449,1.6971830468386386
n_fatigue_ring_2,0.33375,0.022884135686182534,1.918306993789458
stage_2.pinion.n_b,0.3865,0.43145110889237964,1.612560728298255
stage_1.pinion.n_c,0.6725,1.6660209168569884,1.5224755294996661
stage_2.pinion.n_b,0.448,0.9730054180424915,1.214912943336807
n_fatigue_ring_2,0.4725,0.9220855533884539,1.3052153404728934
n_fatigue_ring_2,0.3205,0.4551812516849104,1.4432066979515799
n_fatigue_ring_2,0.6215,0.04739946814708703,2.5162620205414186
stage_2.pinion.n_c,0.5045,1.2761431659183295,1.1532300587203084
stage_2.pinion.n_c,0.52125,1.4167901017099807,1.1885348932190523
n_fatigue_ring_2,0.39375,0.6972762126460941,1.361440243198803
stage_1.pinion.n_c,1.0265,0.9827276351605893,2.482069744757626
stage_1.pinion.n_c,0.7515,1.0664715661991326,1.7825970255027435
stage_1.pinion.n_c,0.459,1.1680202647838802,1.0519984344356768
n_fatigue_ring_2,0.801,0.7809697820532537,2.1789691879191126
n_fatigue_ring_2,0.4635,0.6319381191383305,1.5736309821591523
n_fatigue_ring_2,0.502,0.22596475500470542,2.065905473638612
stage_2.pinion.n_b,0.4655,0.32199560915664943,1.892780963983217
n_fatigue_ring_2,0.463,0.9108699669105477,1.2989769422844104
stage_1.pinion.n_c,1.0675,0.9628476204706475,2.5935099281576597
stage_2.pinion.n_b,0.42125,0.3200646780030667,1.7927186002324569
stage_2.pinion.n_c,0.732,1.8565188199560616,1.6616598573101213
n_fatigue_ring_2,0.5025,0.28460240030107103,2.0094661337742172
stage_1.pinion.n_c,0.94,1.1237541324413884,2.1476320369092003
n_fatigue_ring_2,0.44,1.035812426688032,1.1222122716632188
stage_2.pinion.n_c,0.51675,1.1553799253733317,1.1812188442824967
stage_1.pinion.n_c,1.22,1.7838895596873874,2.7474132567958662
n_fatigue_ring_2,0.4825,1.0401187808621721,1.2087124542586165
stage_2.pinion.n_c,0.713,1.4377739714668136,1.6119246739877233
stage_1.pinion.n_b,0.608,0.8176240002148633,1.709872997845412
stage_2.pinion.n_b,0.475,0.5642307629052253,1.6844792436083376
n_fatigue_ring_2,0.633,1.3730910462315806,1.4369358274870319
n_fatigue_keyway_2,1.248,0.13231133973391293,3.831801016009573
stage_1.pinion.n_c,0.746,1.7508297076923944,1.6846454681734582
n_fatigue_ring_2,0.35975,0.24649942484283094,1.7411983235355841
stage_1.pinion.n_c,0.79475,1.4088500989053874,1.798549473243651
n_fatigue_ring_2,0.36825,0.02540921909742709,1.9704168341363772
stage_2.pinion.n_c,0.5375,1.3189840173823162,1.224635225003163
stage_1.pinion.n_b,0.4435,0.7735538520559433,1.3918384947035323
stage_1.pinion.n_b,0.409,0.6442575431521514,1.4415099852704742
n_fatigue_ring_2,0.592,0.06584971579373868,2.4298423663296647
stage_2.pinion.n_c,0.4715,1.2844399985656185,1.0792145490988168
stage_1.pinion.n_c,0.8945,1.4429832826372824,2.0171883881464194
stage_1.pinion.n_c,0.465,1.1521183244172968,1.0669334503313248
stage_1.pinion.n_b,0.452,0.6323364355518546,1.550205461263151
stage_2.pinion.n_c,0.69975,1.671289092242537,1.5908667530592635
stage_2.pinion.n_b,0.2728,0.030504814691995664,1.8160572005187243
stage_1.pinion.n_c,0.59325,1.206166402502654,1.3454859933239607
n_fatigue_keyway_1,1.2025,1.5560818647615355,2.711877676650638
stage_2.pinion.n_b,0.42225,0.6516129418904133,1.4756036803605652
stage_1.pinion.n_b,0.607,0.6589682838866039,1.862437513584153
n_fatigue_keyway_2,0.7465,0.10051279697715193,2.740831590325977
stage_2.pinion.n_b,0.34425,0.19890040941823606,1.7569551953441325
n_fatigue_keyway_1,0.681,0.5088751304656217,2.182104985798694
stage_2.pinion.n_c,0.5225,1.203541608695765,1.1945951559128072
stage_2.pinion.n_c,0.583,1.074396428509866,1.4095926719560719
stage_1.pinion.n_c,0.736,1.100100513181787,1.7138134866261283
n_fatigue_ring_2,0.4365,0.6708499870474132,1.474155568507962
n_fatigue_ring_2,0.57475,0.2634343439919063,2.192209257400121
stage_2.pinion.n_b,0.482,0.5278827458918702,1.7250286033262738
n_fatigue_ring_2,0.6135,0.052225527723074684,2.4854597081019407
n_fatigue_ring_2,0.4715,0.02845154646299868,2.2022571171487497
stage_2.pinion.n_b,0.4275,0.7325432480391382,1.4016223321117505
stage_2.pinion.n_b,0.781,1.098500406832459,1.8187113783425286
n_fatigue_ring_2,0.5475,0.19333479488489028,2.2013341028637803
stage_1.pinion.n_c,0.668,1.0887737690739177,1.5683600884744262
n_fatigue_ring_2,0.4435,0.016230758836917766,2.1522023762259894
stage_1.pinion.n_c,0.8475,1.5523996305170886,1.9140767637025928
n_fatigue_ring_2,0.425,0.8169617659181065,1.3101688353349048
n_fatigue_ring_2,0.62,0.19147948205297805,2.3677026528677234
stage_1.pinion.n_c,0.6325,1.3179301108571466,1.4317334701409903
n_fatigue_ring_2,0.42625,0.4908139528754084,1.6389958991871323
stage_1.pinion.n_c,0.453,1.0257781675636075,1.1586106394188136
n_fatigue_ring_2,0.4675,0.9032032537868706,1.3104795394864674
n_fatigue_ring_2,0.5885,1.13320637309345,1.3578689705606144
stage_2.pinion.n_c,0.536,1.0252006889307046,1.350933112817819
stage_1.pinion.n_b,0.27475,0.2105752275523592,1.5828699536714395
n_fatigue_ring_2,0.384,0.6055955575351358,1.4242100312095691
stage_2.pinion.n_b,0.25575,0.35899982067386926,1.4022400545086497
n_fatigue_ring_2,0.39575,0.6508134649187929,1.4056617107769667
n_yield_keyway_1,0.541,0.22461904746334824,2.1617123680739665
stage_2.pinion.n_b,0.41225,0.17346536871901957,1.952159692134994
n_fatigue_keyway_2,1.346,0.04784819871407424,4.137538286890297
n_fatigue_ring_2,0.54675,0.35942038017771005,2.0375061956841805
n_fatigue_ring_2,0.495,1.1195408473293336,1.1595958207630697
stage_2.pinion.n_b,0.355,0.01036906941717722,2.026605104267688
stage_2.pinion.n_b,0.229,0.05110863260581031,1.6775294055878696
n_fatigue_ring_2,0.612,0.28652206349124415,2.249027700973104
stage_2.pinion.n_b,0.35025,0.788572216006633,1.1807142438897877
n_fatigue_ring_2,0.529,0.43757540261687033,1.9118724493467427
n_fatigue_keyway_2,0.743,0.04000391834035632,2.7958207297255933
n_fatigue_keyway_2,0.596,0.03513825498919985,2.468590086715015
stage_1.pinion.n_c,0.498,1.1212936073346376,1.1614797398231036
stage_1.pinion.n_c,0.695,1.7091677665853429,1.5746420184158467
n_fatigue_ring_2,0.6595,1.273638974409387,1.4955381617038725
stage_2.pinion.n_b,0.3795,0.22870866619237581,1.839351373893684
n_fatigue_ring_2,0.521,0.30234639187915435,2.0369326311880966
stage_1.pinion.n_c,0.6295,1.5873485839364596,1.4237476193046452
stage_1.pinion.n_b,0.686,0.1732684933642884,2.538725345074707
stage_1.pinion.n_c,0.6625,1.6877321404479264,1.4965224140366622
n_fatigue_ring_2,0.18480000000000002,0.031541999173614756,1.597746898493844
stage_1.pinion.n_c,0.554,1.2593787031380443,1.2568062287171333
n_fatigue_ring_2,0.496,0.39866326515117856,1.885233237182222
stage_1.pinion.n_c,0.63325,1.486332027028444,1.4322356356654122
stage_2.pinion.n_b,0.297,0.24595091847531464,1.5950417976549394
stage_2.pinion.n_b,0.385,0.5554570133663495,1.491526269425002
key_1.n_crush,0.3835,0.4210827669983725,1.6160319679201571
n_fatigue_ring_2,0.8135,0.3035617219852102,2.687354749553143
stage_2.pinion.n_b,0.34975,0.24319904366990727,1.716817032222753
n_fatigue_ring_2,0.42075,0.9478320719987433,1.1705013951905356
stage_2.pinion.n_c,0.65,1.767374816278827,1.4740538041881397
stage_2.pinion.n_b,0.16725,0.00708776959826808,1.6602453028113273
stage_1.pinion.n_c,0.9065,1.248986527991734,2.042335511489057
stage_1.pinion.n_c,1.013,1.8693491894718919,2.282762353541095
n_fatigue_ring_2,0.79375,1.6403140421409865,1.792530885163086
stage_2.pinion.n_b,0.4005,0.13588210058101918,1.9450548475881435
stage_2.pinion.n_b,0.1725,0.02460880587684076,1.5842650224773964
stage_1.pinion.n_c,2.169,1.0211395781139667,5.016431672122262
n_fatigue_ring_2,0.404,0.34077567473657555,1.7384686697867817
n_fatigue_keyway_2,0.624,0.023485829381762847,2.548189930143554
stage_1.pinion.n_c,0.58125,0.9125356422054338,1.5545867450694675
key_1.n_crush,0.60325,0.19701461231377365,2.317380154023153
stage_2.pinion.n_b,0.2445,0.005680171838049359,1.8511042203748467
key_1.n_crush,0.3505,0.4034944198232483,1.5593856360063214
stage_2.pinion.n_c,0.531,1.288360953171604,1.2134997791263618
stage_2.pinion.n_b,0.286,0.34336719732170906,1.4936529509587468
n_fatigue_ring_2,0.40575,0.0935400629150032,1.9902115335019266
stage_2.pinion.n_b,0.24330000000000002,0.1014156934546285,1.632238401659892
stage_1.pinion.n_c,0.4365,1.0655581866327222,1.084817214003026
stage_1.pinion.n_c,0.74125,1.4332637358249536,1.6726063517794565
stage_1.pinion.n_b,0.24880000000000002,0.12440110536934676,1.6089949039925437
n_fatigue_ring_2,0.43925,0.35025077666557325,1.8114367773200037
n_fatigue_ring_2,0.683,0.4975519829530954,2.218091375040121
n_fatigue_ring_2,0.86,0.5836876738703105,2.5273878814867032
stage_1.pinion.n_c,0.6875,1.4523782554364562,1.552755661103214
stage_1.pinion.n_c,0.577,1.6342317887113902,1.3099517650541752
n_fatigue_keyway_1,0.5865,0.4531327686163673,2.0309505817320708
stage_2.pinion.n_b,0.54725,0.9049199772685076,1.4987542351153516
n_fatigue_ring_2,0.5205,0.0457037972548865,2.289448135058565
n_fatigue_ring_2,0.4035,0.751779435717461,1.3197869850934547
stage_2.pinion.n_b,0.22325000000000003,0.019079234289766114,1.7121460374043773
stage_1.pinion.n_b,0.46475,0.5152208224521924,1.691154130447492
n_fatigue_ring_2,0.97275,1.0934681117597018,2.250203344744589
n_fatigue_ring_2,0.531,0.8190484390085571,1.5427449681864145
key_1.n_crush,0.375,0.229365616736486,1.7882289025637828
stage_2.pinion.n_b,0.4845,0.31293079613352126,1.962587715825387
n_fatigue_keyway_1,0.567,0.1344156090027445,2.306629830500878
n_fatigue_ring_2,0.42,0.8471518550006295,1.262713734791328
key_1.n_crush,0.507,0.4780248565811836,1.8227822107816591
n_fatigue_ring_2,0.62,1.3023586300152754,1.4061837745687895
n_fatigue_ring_2,0.5305,1.0098731085681902,1.350972490100288
stage_1.pinion.n_c,0.5515,1.1715437604747194,1.2535293089610617
stage_1.pinion.n_c,0.62625,1.4946059008192076,1.4214101658678149
n_fatigue_ring_2,0.425,0.07205968218418286,2.0473433302220685
stage_1.pinion.n_c,0.566,1.39081717983842,1.2902146215021304
n_fatigue_ring_2,0.522,0.2521783152648129,2.086854907221453
n_fatigue_ring_2,0.424,0.6785114549689424,1.4482089367413113
n_fatigue_ring_2,0.6145,1.6429511309042553,1.3940010815435029
n_fatigue_ring_2,0.47375,0.5715135123213209,1.6623547497249713
n_fatigue_ring_2,0.379,0.4965937281971782,1.5267503237398234
stage_2.pinion.n_b,0.484,0.7785412399904151,1.4751983633912007
stage_1.pinion.n_c,0.836,1.5207357686344198,1.8849100540361496
stage_2.pinion.n_b,0.15330000000000002,0.04380974321705126,1.5034904322867528
stage_2.pinion.n_c,0.4095,1.0328041041136808,1.059115254709632
stage_1.pinion.n_c,0.514,1.0511496476305011,1.2715264433407056
stage_2.pinion.n_c,0.66625,1.28880953238489,1.510280754914978
n_fatigue_ring_2,0.508,0.7891404002702677,1.526337427184608
n_fatigue_ring_2,0.5465,0.1966897667508936,2.200373838589405
n_fatigue_ring_2,0.5235,1.0271605770860839,1.3132566145736426
stage_2.pinion.n_b,0.47325,0.5802344542198238,1.6650404549541018
n_fatigue_keyway_1,0.32,0.1490795731287496,1.7524995486527297
n_fatigue_ring_2,0.4955,0.018279061115819933,2.260536312214633
stage_1.pinion.n_c,0.645,0.867976409398216,1.7394599585637465
stage_1.pinion.n_c,0.805,0.8476696809821103,2.116750247092271
stage_1.pinion.n_b,0.56675,0.6721022037917048,1.7602506905929534
n_fatigue_keyway_2,0.55,0.42150896899319534,1.9826101464738872
n_fatigue_ring_2,0.28075,0.13116557254602906,1.6771439895957831
n_fatigue_ring_2,0.63275,0.025722502982244,2.5765833926525956
n_fatigue_ring_2,0.486,1.0688494658781422,1.1913327109241438
stage_2.pinion.n_b,0.6215,0.7376633468062828,1.8273889470089602
stage_1.pinion.n_c,0.659,1.2166284817597126,1.4896623555352453
stage_1.pinion.n_b,0.42,0.6087682566756866,1.4969295680833392
stage_2.pinion.n_b,0.41725,0.3132160145157347,1.7939834987064622
stage_1.pinion.n_c,1.077,1.796841666932229,2.4269854739695416
stage_1.pinion.n_c,1.0625,1.549980239874143,2.394104107584832
n_fatigue_ring_2,0.492,1.0923061881357292,1.1807303175278911
stage_2.pinion.n_b,0.2508,0.048926983568115305,1.702127145865652
stage_1.pinion.n_c,0.75,1.251506320989852,1.6922141469769543
n_fatigue_ring_2,0.4915,0.06326028848720879,2.208352594757047
stage_2.pinion.n_b,0.36825,0.6099035552566713,1.3858271209996376
stage_1.pinion.n_c,0.6,1.6184417942493918,1.3618976877862239
stage_1.pinion.n_c,0.6675,1.302990501945893,1.5080820189399982
n_fatigue_ring_2,0.56625,1.2401145419296888,1.2839760620107163
stage_1.pinion.n_b,0.33075,0.0474001390114912,1.861180084579001
n_fatigue_ring_2,0.423,0.49628590939702005,1.6301461311098133
stage_1.pinion.n_c,0.719,1.4244993103404338,1.6282682692496462
stage_1.pinion.n_b,0.26839999999999997,0.1463547357532444,1.6282472585230359
stage_2.pinion.n_c,0.68225,1.4675610834464006,1.5520765413848006
stage_2.pinion.n_b,0.2485,0.14747792798513365,1.6097885931538618
stage_1.pinion.n_b,0.7925,0.03522498571093605,2.9175348697539607
stage_1.pinion.n_c,0.7125,0.8876516496583886,1.8753199402632539
stage_2.pinion.n_b,0.303,0.026214023022655977,1.9118391961955428
stage_2.pinion.n_b,0.436,0.5496197511180516,1.5974931619683395
stage_2.pinion.n_c,0.68,1.2345477713713906,1.5395961654203831
key_1.n_crush,0.419,0.47238562509159193,1.639322679394404
stage_2.pinion.n_c,0.5525,1.297572225470836,1.2583661953218623
key_1.n_crush,0.9,0.45354642328041833,2.723886538416448
stage_2.pinion.n_b,0.3915,0.7398289742838238,1.3112451906552154
key_1.n_crush,0.2245,0.1572073785687815,1.5448511707850323
stage_1.pinion.n_b,0.51125,0.4443830312042449,1.8652732717155336
n_fatigue_ring_1,0.62,0.13000052663194658,2.425490682643724
n_fatigue_ring_2,0.725,0.009175436320742676,2.783251208219623
stage_2.pinion.n_b,0.286,0.07043621487492722,1.7704024089487322
stage_1.pinion.n_c,0.513,1.1711109956816668,1.1672004997975731
n_fatigue_ring_2,0.44675,0.11729351132521,2.0595758129485846
stage_2.pinion.n_b,0.494,1.0420130384012418,1.2314549684212248
key_1.n_crush,0.42660000000000003,0.11395053499758491,2.007500816568612
n_fatigue_ring_1,0.44480000000000003,0.08188766293799057,2.0931373895269885
stage_1.pinion.n_c,0.6535,1.2057935810642662,1.4809435923795335
stage_2.pinion.n_b,0.4225,0.6468443632061252,1.4653418329704055
stage_1.pinion.n_c,1.1305,1.055974905224168,2.6437046205987773
n_fatigue_ring_2,0.5975,1.2431990757370206,1.3566268785071678
stage_1.pinion.n_c,0.8555,1.290153073641414,1.9328446033873083
n_fatigue_ring_2,0.95,0.2809236688156265,3.0131256809923954
n_fatigue_keyway_1,0.7375,0.15911763256267536,2.6604239555040192
stage_1.pinion.n_b,0.6325,0.5949121847998604,1.9895953217943207
key_1.n_crush,0.3905,0.47820857934607464,1.567494360858502
stage_1.pinion.n_c,0.8645,1.4035187973714407,1.9515868348370051
stage_1.pinion.n_c,0.498,1.1398448448908518,1.1456454872250372
stage_1.pinion.n_b,0.4465,0.6951032571126377,1.4776931879154513
stage_1.pinion.n_b,0.36775,0.644967901902046,1.3536523664492328
n_fatigue_ring_1,0.3255,0.3032265727670468,1.6019014360405803
stage_2.pinion.n_c,0.6325,1.417201717930517,1.432244515216828
stage_1.pinion.n_c,0.505,1.1340429063247615,1.1641327456654804
stage_1.pinion.n_c,0.669,0.9629983952569873,1.7027579734028846
n_fatigue_keyway_2,0.8925,2.361784166576661,2.0185064246457123
stage_1.pinion.n_c,0.8365,1.4629153686088285,1.888885035169734
n_fatigue_ring_2,0.5405,1.4439245156172469,1.2262791878328145
stage_1.pinion.n_c,0.7125,0.8529631103852762,1.9075268483632024
n_fatigue_ring_2,0.473,0.9973046284774223,1.2321267692152529
stage_2.pinion.n_b,0.299,0.04152417290024979,1.851591733746026
n_fatigue_keyway_2,0.711,0.02599130270279834,2.7338212568187163
n_fatigue_ring_2,0.479,0.7342146692700136,1.5109940048274375
stage_1.pinion.n_c,0.746,1.7482749096063395,1.6877132154476
n_fatigue_keyway_2,1.0535,0.39926240456804896,3.1243374558020887
stage_1.pinion.n_b,0.273,0.150764589613984,1.6405723412271163
n_fatigue_ring_2,0.554,0.01098300559725527,2.4002874739292785
stage_2.pinion.n_b,0.364,0.52504864830413,1.4670190772557337
stage_1.pinion.n_c,0.536,1.0558473302695612,1.3134060231251257
n_fatigue_ring_2,0.792,0.6847336309300881,2.2642679852095196
stage_1.pinion.n_c,0.64,1.0286623703294815,1.5701421674008447
stage_2.pinion.n_c,0.59925,1.4617946158171382,1.3629824467525615
stage_1.pinion.n_c,0.466,1.1645545512451523,1.0652668214391707
stage_2.pinion.n_b,0.38975,0.8701739746631294,1.173454870766772
n_fatigue_ring_2,0.375,0.4184654682067596,1.5979695431908734
stage_2.pinion.n_b,0.15725,0.005468565476658459,1.6092567927402772
n_fatigue_ring_2,0.52025,0.13437102621507607,2.2086956113229372
n_fatigue_ring_2,0.582,1.2935144155736868,1.322654596954238
stage_1.pinion.n_c,0.585,1.4596159188647149,1.328896912960755
stage_1.pinion.n_b,0.7965,0.7343097053695253,2.210049952289899
n_fatigue_keyway_2,1.23,0.18813400572424344,3.733738402701353
n_fatigue_ring_2,0.8105,1.2835184400388069,1.838773577239542
n_fatigue_ring_2,0.554,1.2340403652434093,1.2602275595071641
stage_2.pinion.n_b,0.32125,0.1415003560070414,1.7647787813048665
n_fatigue_ring_2,0.4255,0.5630559403388454,1.56688753544258
stage_1.pinion.n_c,0.7095,1.2459268938371824,1.602871032115431
n_fatigue_ring_2,0.2845,0.012567220417708445,1.8342245771354158
n_fatigue_ring_2,0.5375,0.7828397402125049,1.598476887076379
key_1.n_crush,0.502,0.225194051540505,2.065980547084531
stage_1.pinion.n_c,0.7525,1.5832065289368904,1.7037866560776282
stage_2.pinion.n_c,0.5185,1.2069008840395672,1.189512950517287
stage_2.pinion.n_c,0.633,1.252325735961907,1.4380123029068077
stage_2.pinion.n_c,0.4365,1.1135124137622325,1.0353528575753865
stage_2.pinion.n_b,1.035,0.7489756233644921,2.753847451464858
stage_1.pinion.n_b,0.47525,0.8265085255101157,1.4069997650586221
stage_1.pinion.n_b,0.8125,0.2696406554002487,2.7170671428814956
n_fatigue_ring_2,0.4755,0.7254540016455671,1.5089702911518976
stage_2.pinion.n_b,0.3125,0.05457952472144045,1.8780852554344878
n_fatigue_ring_2,0.7235,0.9240382827628951,1.8678987983068278
n_fatigue_ring_1,0.46375,0.11022124240661145,2.1293154722674656
stage_2.pinion.n_c,0.4095,1.074958174683666,1.0137510753119705
stage_2.pinion.n_b,0.3945,0.13783250284455098,1.979148082213333
stage_2.pinion.n_b,0.242,0.050347941764883074,1.721382290570969
stage_1.pinion.n_c,0.78,0.997594121093935,1.9152002911984984
stage_2.pinion.n_c,0.7925,1.7880446008952613,1.7908753654237899
n_fatigue_ring_2,0.41925,0.7560906794540898,1.357187619218529
n_fatigue_keyway_2,0.907,0.8851550324300405,2.3104163174748735
stage_1.pinion.n_c,0.956,1.0948454037370605,2.20937142541698
stage_2.pinion.n_b,0.337,0.2629343567236622,1.6847027916569082
stage_2.pinion.n_c,0.585,1.6685416291219972,1.3372847549889317
n_fatigue_keyway_2,0.538,0.04948557454020285,2.328698376799559
n_fatigue_keyway_1,1.277,0.1390769530423274,3.890113551954605
stage_2.pinion.n_c,0.607,1.3801219021214577,1.379280795650755
stage_1.pinion.n_c,0.8585,1.4674471192463716,1.9376224258831045
stage_2.pinion.n_c,0.381,1.0090496559345368,1.0204893058459183
stage_1.pinion.n_c,0.8105,1.849654265904331,1.8301621385530034
n_fatigue_ring_2,0.2785,0.1396839023631051,1.670254837385976
n_fatigue_ring_2,0.418,0.7885554667581121,1.3183145826620428
stage_2.pinion.n_c,0.678,1.7226512847624036,1.5400182021079336
n_fatigue_ring_2,0.82775,1.518228634930187,1.870857967185326
n_fatigue_ring_2,0.75625,0.5087513153047446,2.3529496956580243
stage_1.pinion.n_c,0.63875,1.4349365032144836,1.442753606916555
stage_1.pinion.n_b,1.063,0.21697328500106222,3.336600971521329
n_fatigue_keyway_2,0.73,0.06293901301935821,2.7402355903158875
n_fatigue_keyway_1,0.623,1.7000024894777503,1.4192338288294521
stage_1.pinion.n_c,0.548,1.197425894620162,1.2472161821676562
n_fatigue_ring_2,0.661,0.29343101301063496,2.354333930805993
stage_2.pinion.n_b,0.1655,0.006765262760208447,1.620486220091941
stage_1.pinion.n_b,0.538,0.8367120717371084,1.5333912727399333
stage_2.pinion.n_b,0.6755,0.4147527039856917,2.2781998441184803
stage_1.pinion.n_b,0.5715,0.5272328744043772,1.92134042586091
n_fatigue_keyway_2,0.7685,0.0318527151734397,2.8610186721017388
n_fatigue_ring_2,0.675,1.560609440489969,1.5289910399579387
n_fatigue_ring_2,0.53125,0.12834480830151665,2.2317518630167243
stage_2.pinion.n_c,0.616,1.5959820419710296,1.4046994930368137
n_fatigue_ring_2,0.52425,1.1941025302334423,1.1950975396261805
n_fatigue_keyway_1,0.64,0.07569035079626112,2.5174280202871593
stage_1.pinion.n_c,0.855,1.849667387952106,1.9293572593623036
stage_1.pinion.n_c,0.5475,1.5592418873640241,1.244673225173079
n_fatigue_ring_2,0.504,0.2979924791500125,1.9973942194638707
stage_1.pinion.n_c,0.498,1.1410395123145174,1.1446632123141942
stage_2.pinion.n_b,0.1435,0.037383263987515895,1.5095065279754765
stage_2.pinion.n_c,0.4385,1.1096226116134258,1.0517272320716655
stage_1.pinion.n_c,0.618,1.653144649420813,1.4053565037328895
stage_1.pinion.n_c,0.643,1.5362107940360112,1.4551663326176925
stage_1.pinion.n_c,0.954,2.223003411985197,2.152270709084383
stage_1.pinion.n_c,1.1325,1.6498303983835407,2.554011201293965
stage_1.pinion.n_b,0.2983,0.06575564332760067,1.7782173464070088
stage_1.pinion.n_c,0.9075,1.608639632640927,2.0477161181337875
n_fatigue_ring_2,0.571,1.279574380645839,1.2953964886857743
stage_1.pinion.n_c,0.8465,1.5058094123223462,1.9115076221216698
stage_1.pinion.n_c,0.843,1.6133008790745669,1.902172561554353
stage_1.pinion.n_c,0.548,1.0772996711661171,1.3159723850273235
stage_1.pinion.n_c,0.482,1.1881748675314234,1.102676040382188
stage_1.pinion.n_c,0.702,1.6059524779717584,1.586860109018023
stage_1.pinion.n_c,1.0175,1.95943447945797,2.293930508899943
stage_2.pinion.n_b,0.31125,0.1563810182398756,1.7252589358441461
stage_2.pinion.n_c,0.589,1.196779253321031,1.3466342106594233
n_fatigue_ring_2,1.221,3.133723825249403,2.753062702422026
n_fatigue_keyway_2,0.44375,0.03815020175867077,2.1361660866224588
n_fatigue_ring_2,0.48875,0.7341719763123185,1.5313852885145285
stage_1.pinion.n_b,0.2315,0.1444637272782101,1.5615614850093755
stage_2.pinion.n_b,0.58975,0.8104503447944642,1.6955187083657424
key_1.n_crush,0.4125,0.2421644184747952,1.85358042954855
key_1.n_crush,0.6655,0.2656581338597759,2.389783003824449
n_fatigue_ring_2,0.4755,0.936946328646416,1.3015985315727552
stage_2.pinion.n_b,0.225,0.05154953167871563,1.6479224851444536
stage_1.pinion.n_b,0.5585,0.6455431969143813,1.7649989185270811
key_1.n_crush,0.3065,0.1572073785687815,1.7034716787336788
n_fatigue_ring_2,0.7275,0.9076598107056975,1.8891963415813737
n_fatigue_ring_2,0.58525,0.08076422676645187,2.3990682286106084
n_fatigue_ring_2,0.476,1.1532382672307753,1.0835460793932392
stage_1.pinion.n_c,0.6085,1.2108693609017342,1.379136098691182
stage_1.pinion.n_c,0.751,0.9378984906599197,1.9109101784272364
stage_2.pinion.n_b,0.41975,0.8815621831375737,1.2316327351467145
n_fatigue_ring_2,0.4,0.012860013067949207,2.0816830545228227
stage_1.pinion.n_c,0.626,1.191664225496775,1.4153741479285613
stage_2.pinion.n_b,0.3955,0.20955719600332004,1.8545384938077294
n_fatigue_ring_2,0.37,0.28490674761544,1.7243318318979637
stage_1.pinion.n_b,0.5925,0.6290962532155695,1.8647458994563018
n_fatigue_ring_2,0.512,0.016786680943570425,2.3012192335320183
stage_1.pinion.n_c,0.932,1.065982802980084,2.1879373893951435
n_fatigue_ring_2,1.032,1.9461175802442536,2.3264976098362182
n_fatigue_ring_2,0.589,1.3522925616467567,1.3396299148401485
n_fatigue_ring_2,0.77375,0.5666670563978609,2.334912141208441
stage_1.pinion.n_c,0.8,1.73293524817162,1.80222426412914
stage_1.pinion.n_c,1.965,2.3207363747495053,4.421263902252589
n_fatigue_ring_2,0.466,0.6995693254980274,1.5146240029062707
n_fatigue_ring_2,0.583,1.403852918172561,1.3238698180992883
stage_1.pinion.n_c,0.5795,1.4538856400685665,1.319524516514086
n_fatigue_ring_2,0.6845,1.0674602638037993,1.6370000074537616
n_fatigue_ring_2,0.42075,0.21735382909584625,1.8978409804686784
stage_2.pinion.n_b,0.215,0.038000195947291524,1.653043885180611
stage_1.pinion.n_b,0.5315,0.1659277984670286,2.1965878740702807
n_fatigue_ring_2,0.5915,0.4453197932294812,2.0531960571142123
n_fatigue_ring_2,0.495,1.153131575705452,1.1292231837606483
n_fatigue_keyway_1,0.59,0.071149030601039,2.4180149657403898
n_fatigue_ring_2,0.4705,0.2978183585375885,1.953858953904511
stage_1.pinion.n_c,0.71,1.6558110444600613,1.6037201588362613
stage_2.pinion.n_b,0.139,0.03258081550582923,1.5187607188586991
stage_2.pinion.n_b,0.177,0.04696001053404432,1.573338829859747
stage_1.pinion.n_c,0.6615,1.0505557729079011,1.593248677624594
stage_2.pinion.n_b,0.2263,0.030767522656591342,1.6950828563527927
stage_1.pinion.n_c,0.6975,1.550342606103901,1.5800580575161058
stage_2.pinion.n_c,0.605,1.7716144712728632,1.3764511479181125
n_fatigue_keyway_2,0.5265,0.2201391461332235,2.146713826270889
stage_1.pinion.n_c,0.414,1.0717057225894782,1.0233388466117321
stage_1.pinion.n_c,0.713,0.917610310340672,1.8408813165542603
stage_1.pinion.n_b,0.509,0.2123089276116868,2.0895127742012294
stage_2.pinion.n_b,0.1816,0.02924560905557623,1.5910442389313817
stage_1.pinion.n_c,0.536,0.9543910698609703,1.4144496552305785
n_fatigue_ring_2,0.438,0.9449774776235285,1.2051340523810548
stage_1.pinion.n_c,0.8575,2.06895606063904,1.9344762450500992
stage_2.pinion.n_b,0.34725,0.6546150038568725,1.3052350711201535
n_fatigue_ring_2,0.38375,0.23231486774830812,1.809697761004205
n_fatigue_ring_2,0.403,0.017768873116761057,2.059075722040418
stage_1.pinion.n_c,0.648,1.2614185475547384,1.4665556843304655
stage_2.pinion.n_b,0.348,0.4432873192279729,1.5161843135088275
n_fatigue_ring_2,0.77375,1.6734204134890678,1.7480829520613146
n_fatigue_ring_2,0.909,1.1623830574240988,2.0532742864085085
n_fatigue_ring_2,0.556,0.8244030132561039,1.5884665131870777
stage_1.pinion.n_c,0.498,1.228220412646639,1.1342555846408953
n_yield_keyway_1,0.7375,0.1111268368895352,2.7046132678795054
stage_2.pinion.n_c,0.464,1.1833724108708228,1.0619950619114555
stage_2.pinion.n_c,0.5765,1.6294159598886062,1.311231845961812
stage_1.pinion.n_b,0.5245,0.7822297207242179,1.5605978808385554
n_fatigue_keyway_2,1.1475,0.26895263136614855,3.4666911196883183
n_fatigue_ring_2,0.626,0.15010744682409913,2.426389896139785
stage_1.pinion.n_c,0.6795,1.1932440351249765,1.5350731200668841
stage_1.pinion.n_b,0.31955,0.16763602664359292,1.7176501895213514
stage_1.pinion.n_c,0.636,1.1974200500475325,1.4420976213513266
stage_1.pinion.n_b,0.561,0.7385113146834448,1.6875884393734246
stage_2.pinion.n_b,0.532,0.11279955689521873,2.2629005665693525
n_fatigue_keyway_1,0.777,0.7069730935021915,2.2044403735602125
stage_2.pinion.n_c,0.644,1.7099846247787702,1.4641905939082602
stage_2.pinion.n_b,0.624,0.6596303317732802,1.9214393302426664
n_fatigue_ring_2,1.066,1.5050296215644878,2.400825465528881
n_fatigue_keyway_2,0.4835,0.1484050436979077,2.1125842878208223
n_fatigue_ring_2,0.4695,0.47282182328238187,1.7467020317426536
stage_1.pinion.n_c,0.838,1.016896368179105,2.022635755726888
stage_2.pinion.n_b,0.36125,0.6545240409734295,1.3312801200686752
n_fatigue_ring_2,0.4785,0.17212664412200204,2.073182644593538
n_fatigue_keyway_1,0.8,0.9319857458463217,2.0277046610722405
stage_2.pinion.n_b,0.392,0.5277317308263764,1.527699096117101
stage_2.pinion.n_b,0.2945,0.22515580447562067,1.6236427130952125
n_fatigue_ring_2,0.535,1.052122119565357,1.3178444623390297
n_fatigue_ring_1,1.17,0.8822946336595034,2.9032515251105853
stage_2.pinion.n_c,0.5465,1.059774549669248,1.3398191805858874
stage_1.pinion.n_c,0.704,1.3825146913945272,1.5943302008146871
n_fatigue_ring_2,0.6715,0.08818965871466758,2.584251335139678
n_fatigue_ring_2,0.43425,0.8461148670358362,1.2973531272293752
stage_1.pinion.n_b,0.54325,0.8348705737408227,1.544710830884668
stage_2.pinion.n_b,0.5035,0.8026860912818935,1.4920779898828873
stage_2.pinion.n_c,0.65,1.8298739345273336,1.476441509960999
n_fatigue_ring_1,0.19725,0.11724342838687475,1.515189322867099
stage_1.pinion.n_c,0.61625,1.5046345295482852,1.3932765369849422
n_fatigue_ring_2,0.3755,0.13710968550441768,1.8845745637674298
stage_1.pinion.n_b,0.798,0.09768818843898852,2.870128114244191
n_fatigue_ring_2,0.465,0.013209575422896415,2.1975354654015167
stage_2.pinion.n_b,0.4065,0.8195710046499329,1.2760787378077012
stage_1.pinion.n_c,0.8005,1.5129329978338595,1.8080522341271714
stage_1.pinion.n_b,0.5925,0.3636784971395286,2.1274243921911156
n_fatigue_ring_2,0.47475,0.9818572420424935,1.251282551788107
stage_2.pinion.n_c,0.566,1.7398488546379525,1.2912417885598853
stage_1.pinion.n_c,0.5695,1.4378328856993643,1.2933791528654122
n_fatigue_ring_2,0.1524,0.027784014817715984,1.5170749621069024
n_fatigue_ring_2,0.557,0.6494173949788056,1.7707547164687731
stage_1.pinion.n_b,0.862,0.6256972534499988,2.4709236448414793
stage_2.pinion.n_b,0.52275,1.090604704413495,1.2524972139888
stage_1.pinion.n_c,0.91775,0.9662037773348301,2.2531703834992354
n_fatigue_ring_2,0.304,0.1896865384814956,1.6877297146231558
stage_2.pinion.n_b,0.29819999999999997,0.02413001878752146,1.8668708516241161
stage_1.pinion.n_c,0.7195,1.5901713607470909,1.6286069163455543
stage_2.pinion.n_b,0.1875,0.006980853427500441,1.706004032830812
stage_2.pinion.n_b,0.4985,0.8623364527006384,1.4315232182368993
n_fatigue_keyway_2,0.82775,0.3537769733100787,2.6680990523997403
stage_2.pinion.n_c,0.433,1.0249487727854052,1.1207373693437925
stage_2.pinion.n_c,0.5045,1.2929519197341268,1.1507573953946992
stage_1.pinion.n_c,0.852,1.3837397427784157,1.9250193074887332
stage_2.pinion.n_c,0.678,2.105866938968632,1.5359176031230979
stage_1.pinion.n_c,0.9845,2.1545873477980644,2.2231015594644945
key_1.n_crush,0.442,0.43393044090937494,1.7300895631549396
stage_1.pinion.n_b,0.5485,0.7301049846305223,1.6649772725725507
stage_1.pinion.n_c,0.448,1.060622153201856,1.1171331309565522
n_fatigue_ring_2,0.475,0.029845557078672393,2.225813445376759
n_fatigue_ring_2,0.4585,0.06889050740352781,2.129769858380018
key_1.n_crush,0.4525,0.2583240003245905,1.9312882344090108
stage_2.pinion.n_c,0.6525,1.1131070963629874,1.5231389856904216
stage_2.pinion.n_c,0.616,1.4808588936235119,1.4047222301465905
key_1.n_crush,0.6115,0.40577716142927,2.129339304228075
stage_2.pinion.n_b,0.4935,0.17897460091651124,2.1177133941374446
n_fatigue_keyway_1,0.28475,0.059272307144757494,1.751801906513121
stage_2.pinion.n_c,0.73825,1.3205559161904978,1.671557310376663
stage_2.pinion.n_b,0.5265,0.5901166927671545,1.7524720114358323
n_fatigue_ring_2,0.471,1.020994878722069,1.2042549135688887
stage_2.pinion.n_b,0.35575,0.7259727339204861,1.2496518819132372
n_fatigue_keyway_2,0.5545,1.141822045943586,1.2796534354366909
n_fatigue_ring_2,0.5205,0.19945315315513917,2.1367667973131463
stage_2.pinion.n_b,0.40175,0.7584198151510809,1.3094660282462822
stage_2.pinion.n_b,0.521,1.0492723576784637,1.298585767247433
stage_1.pinion.n_b,0.6955,0.5462883928029634,2.179480121541519
stage_2.pinion.n_c,0.566,1.0974808999648824,1.3503891437861486
stage_2.pinion.n_b,0.4575,0.7444899374194653,1.4630083156801676
n_fatigue_ring_2,0.3705,0.8310386809242003,1.1752363393542573
stage_2.pinion.n_b,0.629,0.7452107326992373,1.838266304691169
n_fatigue_ring_2,0.443,0.47968187932819745,1.6828427542946802
stage_2.pinion.n_b,0.4125,0.3540718417593415,1.7597446616327295
stage_2.pinion.n_b,0.2175,0.1733074816043155,1.5046775650041064
stage_1.pinion.n_c,1.5695,0.9217000819293178,3.7640547126106703
n_fatigue_ring_2,0.879,0.2759726556338523,2.8578156174698552
key_1.n_crush,0.6,0.40565273236247795,2.1095700872937933
n_fatigue_ring_2,0.965,2.204667028039166,2.1780300781590394
n_fatigue_ring_1,0.3505,0.007931683744998471,2.000505207255105
n_fatigue_ring_2,0.6065,1.5160158071048049,1.3715785853989775
stage_2.pinion.n_b,0.2343,0.060813445985972436,1.6540392309326946
n_fatigue_ring_2,0.525,0.6066966160541586,1.7465791477786998
stage_2.pinion.n_b,0.636,0.6433994050721386,1.960914444786594
n_fatigue_ring_2,0.5765,0.17133406221696562,2.291904524390384
stage_2.pinion.n_c,0.4425,1.1537031611973163,1.0135111398930081
stage_2.pinion.n_c,0.4425,1.1537031611973163,1.0135111398930081
stage_2.pinion.n_c,0.4425,1.1537031640283641,1.0135111398904084
stage_2.pinion.n_c,0.4425,1.1537031611973163,1.0135111398469985
stage_2.pinion.n_c,0.4425,1.1537031611973163,1.013511140010973
stage_2.pinion.n_c,0.4425,1.1537031611973163,1.0135111398930081
stage_2.pinion.n_c,0.4425,1.1537031611973163,1.0135111398884373
stage_2.pinion.n_c,0.4425,1.1537031611973163,1.0135111398930081
stage_2.pinion.n_c,0.4425,1.1537767566206971,1.013350450519332
stage_2.pinion.n_c,0.4425,1.1537767566206971,1.013350450519332
stage_2.pinion.n_c,0.4425,1.1537767594514927,1.013350450516741
stage_2.pinion.n_c,0.4425,1.1537767566206971,1.0133504504733244
stage_2.pinion.n_c,0.4425,1.1537767566206971,1.0133504506374436
stage_2.pinion.n_c,0.4425,1.1537767566206971,1.013350450519332
stage_2.pinion.n_c,0.4425,1.1537767566206971,1.0133504505147621
stage_2.pinion.n_c,0.4425,1.1537767566206971,1.013350450519332
stage_2.pinion.n_c,0.4425,1.1538501003727801,1.0131894221769921
stage_2.pinion.n_c,0.4425,1.1538501003727801,1.0131894221769921
stage_2.pinion.n_c,0.4425,1.1538501032033246,1.0131894221744093
stage_2.pinion.n_c,0.4425,1.1538501003727801,1.0131894221309858
stage_2.pinion.n_c,0.4425,1.1538501003727801,1.0131894222952422
stage_2.pinion.n_c,0.4425,1.1538501003727801,1.0131894221769921
stage_2.pinion.n_c,0.4425,1.1538501003727801,1.0131894221724231
stage_2.pinion.n_c,0.4425,1.1538501003727801,1.0131894221769921
stage_2.pinion.n_c,0.4425,1.154143410307715,1.0125438013505057
stage_2.pinion.n_c,0.4425,1.154143410307715,1.0125438013505057
stage_2.pinion.n_c,0.4425,1.1541434131372552,1.012543801347949
stage_2.pinion.n_c,0.4425,1.154143410307715,1.0125438013045018
stage_2.pinion.n_c,0.4425,1.154143410307715,1.012543801469243
stage_2.pinion.n_c,0.4425,1.154143410307715,1.0125438013505057
stage_2.pinion.n_c,0.4425,1.154143410307715,1.0125438013459405
stage_2.pinion.n_c,0.4425,1.154143410307715,1.0125438013505057
n_fatigue_ring_2,0.4425,1.0481282338380173,1.1118042447161594
n_fatigue_ring_2,0.4425,1.0481282338380173,1.1118042447136103
n_fatigue_ring_2,0.4425,1.0481282348243284,1.1118042437275488
n_fatigue_ring_2,0.4425,1.0481282370510887,1.1118042414577334
n_fatigue_ring_2,0.4425,1.0481282380288597,1.1118042406462627
n_fatigue_ring_2,0.4425,1.0481282338380173,1.1118042447149883
n_fatigue_ring_2,0.4425,1.0481282338380173,1.1118042447116099
n_fatigue_ring_2,0.4425,1.0481282338380173,1.1118042447161594
stage_2.pinion.n_c,0.4425,1.1541494967576962,1.0125303782381019
stage_2.pinion.n_c,0.4425,1.1541494967576962,1.0125303782381019
stage_2.pinion.n_c,0.4425,1.1541494995872155,1.0125303782355457
stage_2.pinion.n_c,0.4425,1.1541494967576962,1.0125303781920978
stage_2.pinion.n_c,0.4425,1.1541494967576962,1.012530378356848
stage_2.pinion.n_c,0.4425,1.1541494967576962,1.0125303782381019
stage_2.pinion.n_c,0.4425,1.1541494967576962,1.0125303782335366
stage_2.pinion.n_c,0.4425,1.1541494967576962,1.0125303782381019
stage_2.pinion.n_c,0.4425,1.154155513529891,1.0125171078200754
stage_2.pinion.n_c,0.4425,1.154155513529891,1.0125171078200754
stage_2.pinion.n_c,0.4425,1.1541555163593895,1.01251710781752
stage_2.pinion.n_c,0.4425,1.154155513529891,1.0125171077740716
stage_2.pinion.n_c,0.4425,1.154155513529891,1.0125171079388307
stage_2.pinion.n_c,0.4425,1.154155513529891,1.0125171078200754
stage_2.pinion.n_c,0.4425,1.154155513529891,1.0125171078155104
stage_2.pinion.n_c,0.4425,1.154155513529891,1.0125171078200754
n_fatigue_ring_2,0.4425,1.0872560758585432,1.0739747430199382
n_fatigue_ring_2,0.4425,1.0872560758585432,1.0739747430173894
n_fatigue_ring_2,0.4425,1.0872560770128548,1.0739747418633507
n_fatigue_ring_2,0.4425,1.0872560789230732,1.0739747399100537
n_fatigue_ring_2,0.4425,1.0872560826187665,1.0739747363806604
n_fatigue_ring_2,0.4425,1.0872560758585432,1.0739747430187672
n_fatigue_ring_2,0.4425,1.0872560758585432,1.073974743015381
n_fatigue_ring_2,0.4425,1.0872560758585432,1.0739747430199382
n_fatigue_ring_2,0.4425,1.1537906464730323,1.012511076808416
n_fatigue_ring_2,0.4425,1.1537906464730323,1.012511076808416
n_fatigue_ring_2,0.4425,1.153790647877163,1.0125110768058605
n_fatigue_ring_2,0.4425,1.153790649483714,1.012511076762412
n_fatigue_ring_2,0.4425,1.1537906566085416,1.0125110769271752
n_fatigue_ring_2,0.4425,1.1537906464730323,1.012511076808416
n_fatigue_ring_2,0.4425,1.1537906464730323,1.012511076803851
n_fatigue_ring_2,0.4425,1.1537906464730323,1.012511076808416
n_fatigue_ring_2,0.4425,1.1534019799766821,1.0125051129129123
n_fatigue_ring_2,0.4425,1.1534019799766821,1.0125051129129123
n_fatigue_ring_2,0.4425,1.1534019813793794,1.012505112910357
n_fatigue_ring_2,0.4425,1.1534019829873945,1.0125051128669083
n_fatigue_ring_2,0.4425,1.153401990093566,1.0125051130316756
n_fatigue_ring_2,0.4425,1.1534019799766821,1.0125051129129123
n_fatigue_ring_2,0.4425,1.1534019799766821,1.0125051129083473
n_fatigue_ring_2,0.4425,1.1534019799766821,1.0125051129129123
n_fatigue_ring_2,0.4425,1.1164402211035487,1.045429777363293
n_fatigue_ring_2,0.4425,1.1164402211035487,1.045429777363293
n_fatigue_ring_2,0.4425,1.116440222369222,1.0454297760950824
n_fatigue_ring_2,0.4425,1.1164402241295965,1.0454297742912377
n_fatigue_ring_2,0.4425,1.1164402294069855,1.0454297691790106
n_fatigue_ring_2,0.4425,1.1164402211035487,1.045429777363293
n_fatigue_ring_2,0.4425,1.1164402211035487,1.0454297773587318
n_fatigue_ring_2,0.4425,1.1164402211035487,1.045429777363293
n_fatigue_ring_2,0.4425,1.1532083209256385,1.0125021365958546
n_fatigue_ring_2,0.4425,1.1532083209256385,1.0125021365958546
n_fatigue_ring_2,0.4425,1.1532083223276213,1.0125021365932996
n_fatigue_ring_2,0.4425,1.1532083239363682,1.0125021365498506
n_fatigue_ring_2,0.4425,1.15320833103324,1.0125021367146199
n_fatigue_ring_2,0.4425,1.1532083209256385,1.0125021365958546
n_fatigue_ring_2,0.4425,1.1532083209256385,1.0125021365912896
n_fatigue_ring_2,0.4425,1.1532083209256385,1.0125021365958546
n_fatigue_ring_2,0.4425,1.1530171093367338,1.0124991948075905
n_fatigue_ring_2,0.4425,1.1530171093367338,1.0124991948075905
n_fatigue_ring_2,0.4425,1.1530171107380116,1.0124991948050355
n_fatigue_ring_2,0.4425,1.1530171123474804,1.0124991947615867
n_fatigue_ring_2,0.4425,1.1530171194351677,1.012499194926358
n_fatigue_ring_2,0.4425,1.1530171093367338,1.0124991948075905
n_fatigue_ring_2,0.4425,1.1530171093367338,1.0124991948030257
n_fatigue_ring_2,0.4425,1.1530171093367338,1.0124991948075905
n_fatigue_ring_2,0.4425,1.1336984956780227,1.0284863232270276
n_fatigue_ring_2,0.4425,1.1336984956780227,1.0284863232270276
n_fatigue_ring_2,0.4425,1.1336984970079336,1.0284863218945715
n_fatigue_ring_2,0.4425,1.1336984986935381,1.0284863201655072
n_fatigue_ring_2,0.4425,1.133698504840528,1.0284863141834915
n_fatigue_ring_2,0.4425,1.1336984956780227,1.0284863232270276
n_fatigue_ring_2,0.4425,1.1336984956780227,1.0284863232224646
n_fatigue_ring_2,0.4425,1.1336984956780227,1.0284863232270276
n_fatigue_ring_2,0.4425,1.1529121564145581,1.0124975788020867
n_fatigue_ring_2,0.4425,1.1529121564145581,1.0124975788020867
n_fatigue_ring_2,0.4425,1.1529121578154489,1.0124975787995318
n_fatigue_ring_2,0.4425,1.152912159425314,1.0124975787560826
n_fatigue_ring_2,0.4425,1.15291216650796,1.012497578920855
n_fatigue_ring_2,0.4425,1.1529121564145581,1.0124975788020867
n_fatigue_ring_2,0.4425,1.1529121564145581,1.012497578797522
n_fatigue_ring_2,0.4425,1.1529121564145581,1.0124975788020867
n_fatigue_ring_2,0.4425,1.1528086571464315,1.0124959842712766
n_fatigue_ring_2,0.4425,1.1528086571464315,1.0124959842712766
n_fatigue_ring_2,0.4425,1.1528086585469406,1.0124959842687218
n_fatigue_ring_2,0.4425,1.152808660157197,1.0124959842252728
n_fatigue_ring_2,0.4425,1.1528086672348705,1.0124959843900463
n_fatigue_ring_2,0.4425,1.1528086571464315,1.0124959842712766
n_fatigue_ring_2,0.4425,1.1528086571464315,1.0124959842667118
n_fatigue_ring_2,0.4425,1.1528086571464315,1.0124959842712766
n_fatigue_ring_2,0.4425,1.142990726874264,1.0193497314253537
n_fatigue_ring_2,0.4425,1.142990726874264,1.0193497314253537
n_fatigue_ring_2,0.4425,1.1429907282385423,1.0193497300585255
n_fatigue_ring_2,0.4425,1.1429907298866893,1.0193497283669242
n_fatigue_ring_2,0.4425,1.1429907364895902,1.019349721928899
n_fatigue_ring_2,0.4425,1.142990726874264,1.0193497314253537
n_fatigue_ring_2,0.4425,1.142990726874264,1.0193497314207898
n_fatigue_ring_2,0.4425,1.142990726874264,1.0193497314253537
n_fatigue_ring_2,0.4425,1.1527400651424824,1.0124949270316408
n_fatigue_ring_2,0.4425,1.1527400651424824,1.0124949270316408
n_fatigue_ring_2,0.4425,1.1527400665427383,1.012494927029086
n_fatigue_ring_2,0.4425,1.1527400681532547,1.012494926985637
n_fatigue_ring_2,0.4425,1.1527400752276318,1.012494927150411
n_fatigue_ring_2,0.4425,1.1527400651424824,1.0124949270316408
n_fatigue_ring_2,0.4425,1.1527400651424824,1.0124949270270758
n_fatigue_ring_2,0.4425,1.1527400651424824,1.0124949270316408
n_fatigue_ring_2,0.4425,1.152672809074454,1.0124938899981466
n_fatigue_ring_2,0.4425,1.152672809074454,1.0124938899981466
n_fatigue_ring_2,0.4425,1.1526728104744621,1.0124938899955918
n_fatigue_ring_2,0.4425,1.1526728120852325,1.0124938899521427
n_fatigue_ring_2,0.4425,1.1526728191563775,1.0124938901169176
n_fatigue_ring_2,0.4425,1.152672809074454,1.0124938899981466
n_fatigue_ring_2,0.4425,1.152672809074454,1.0124938899935818
n_fatigue_ring_2,0.4425,1.152672809074454,1.0124938899981466
n_fatigue_ring_2,0.4425,1.1477664598943238,1.0146507283451203
n_fatigue_ring_2,0.4425,1.1477664598943238,1.0146507283451203
n_fatigue_ring_2,0.4425,1.1477664612762328,1.0146507269606588
n_fatigue_ring_2,0.4425,1.1477664629057511,1.0146507252876888
n_fatigue_ring_2,0.4425,1.1477664697403867,1.0146507186178793
n_fatigue_ring_2,0.4425,1.1477664598943238,1.0146507283451203
n_fatigue_ring_2,0.4425,1.1477664598943238,1.014650728340556
n_fatigue_ring_2,0.4425,1.1477664598943238,1.0146507283451203
n_fatigue_ring_2,0.4425,1.152672809074454,1.0124938899981466
n_fatigue_ring_2,0.4425,1.152672809074454,1.0124938899981466
n_fatigue_ring_2,0.4425,1.1526728104744621,1.0124938899955918
n_fatigue_ring_2,0.4425,1.1526728120852325,1.0124938899521427
n_fatigue_ring_2,0.4425,1.1526728191563775,1.0124938901169176
n_fatigue_ring_2,0.4425,1.152672809074454,1.0124938899981466
n_fatigue_ring_2,0.4425,1.152672809074454,1.0124938899935818
n_fatigue_ring_2,0.4425,1.152672809074454,1.0124938899981466
n_fatigue_ring_2,0.4425,1.1424148170308202,1.0199165065969185
n_fatigue_ring_2,0.4425,1.1424148170308202,1.0199165065969185
n_fatigue_ring_2,0.4425,1.142414818392992,1.0199165052321968
n_fatigue_ring_2,0.4425,1.1424148200433468,1.0199165035383873
n_fatigue_ring_2,0.4425,1.142414826618625,1.019916497127991
n_fatigue_ring_2,0.4425,1.1424148170308202,1.0199165065969185
n_fatigue_ring_2,0.4425,1.1424148170308202,1.0199165065923546
n_fatigue_ring_2,0.4425,1.1424148170308202,1.0199165065969185
n_fatigue_ring_2,0.4425,1.1526055082309798,1.0124928535161282
n_fatigue_ring_2,0.4425,1.1526055082309798,1.0124928535161282
n_fatigue_ring_2,0.4425,1.1526055096307402,1.0124928535135733
n_fatigue_ring_2,0.4425,1.1526055112417644,1.0124928534701243
n_fatigue_ring_2,0.4425,1.152605518309678,1.0124928536348998
n_fatigue_ring_2,0.4425,1.1526055082309798,1.0124928535161282
n_fatigue_ring_2,0.4425,1.1526055082309798,1.0124928535115634
n_fatigue_ring_2,0.4425,1.1526055082309798,1.0124928535161282
n_fatigue_ring_2,0.4425,1.1525394163565894,1.0124918352819456
n_fatigue_ring_2,0.4425,1.1525394163565894,1.0124918352819456
n_fatigue_ring_2,0.4425,1.152539417756106,1.012491835279391
n_fatigue_ring_2,0.4425,1.1525394193673786,1.0124918352359418
n_fatigue_ring_2,0.4425,1.1525394264321196,1.012491835400718
n_fatigue_ring_2,0.4425,1.1525394163565894,1.0124918352819456
n_fatigue_ring_2,0.4425,1.1525394163565894,1.0124918352773808
n_fatigue_ring_2,0.4425,1.1525394163565894,1.0124918352819456
n_fatigue_ring_2,0.4425,1.1474056472120184,1.0150059476624533
n_fatigue_ring_2,0.4425,1.1474056472120184,1.0150059476624533
n_fatigue_ring_2,0.4425,1.147405648592606,1.0150059462793135
n_fatigue_ring_2,0.4425,1.147405650223485,1.0150059446049824
n_fatigue_ring_2,0.4425,1.1474056570408828,1.0150059379524143
n_fatigue_ring_2,0.4425,1.1474056472120184,1.0150059476624533
n_fatigue_ring_2,0.4425,1.1474056472120184,1.015005947657889
n_fatigue_ring_2,0.4425,1.1474056472120184,1.0150059476624533
n_fatigue_ring_2,0.4425,1.1524626103906972,1.0124906515203225
n_fatigue_ring_2,0.4425,1.1524626103906972,1.0124906515203225
n_fatigue_ring_2,0.4425,1.1524626117899308,1.0124906515177678
n_fatigue_ring_2,0.4425,1.1524626134014946,1.0124906514743186
n_fatigue_ring_2,0.4425,1.1524626204625465,1.0124906516390957
n_fatigue_ring_2,0.4425,1.1524626103906972,1.0124906515203225
n_fatigue_ring_2,0.4425,1.1524626103906972,1.0124906515157577
n_fatigue_ring_2,0.4425,1.1524626103906972,1.0124906515203225
n_fatigue_ring_2,0.4425,1.1523900384934131,1.0124895325585468
n_fatigue_ring_2,0.4425,1.1523900384934131,1.0124895325585468
n_fatigue_ring_2,0.4425,1.1523900398923794,1.012489532555992
n_fatigue_ring_2,0.4425,1.152390041504218,1.0124895325125427
n_fatigue_ring_2,0.4425,1.1523900485617846,1.0124895326773207
n_fatigue_ring_2,0.4425,1.1523900384934131,1.0124895325585468
n_fatigue_ring_2,0.4425,1.1523900384934131,1.0124895325539818
n_fatigue_ring_2,0.4425,1.1523900384934131,1.0124895325585468
n_fatigue_ring_2,0.4425,1.1498808027998835,1.0125697645930296
n_fatigue_ring_2,0.4425,1.1498808027998835,1.0125697645930296
n_fatigue_ring_2,0.4425,1.1498808041895987,1.0125697632007609
n_fatigue_ring_2,0.4425,1.1498808058109733,1.0125697615359357
n_fatigue_ring_2,0.4425,1.1498808127478277,1.0125697547638852
n_fatigue_ring_2,0.4425,1.1498808027998835,1.0125697645930296
n_fatigue_ring_2,0.4425,1.1498808027998835,1.012569764588465
n_fatigue_ring_2,0.4425,1.1498808027998835,1.0125697645930296
n_fatigue_ring_2,0.4425,1.1513774003897832,1.0124738724742115
n_fatigue_ring_2,0.4425,1.1513774003897832,1.0124738724742115
n_fatigue_ring_2,0.4425,1.151377401785016,1.0124738724716573
n_fatigue_ring_2,0.4425,1.1513774034006912,1.0124738724282074
n_fatigue_ring_2,0.4425,1.1513774104095877,1.0124738725929956
n_fatigue_ring_2,0.4425,1.1513774003897832,1.0124738724742115
n_fatigue_ring_2,0.4425,1.1513774003897832,1.0124738724696467
n_fatigue_ring_2,0.4425,1.1513774003897832,1.0124738724742115
n_fatigue_ring_2,0.4425,1.1504580613445488,1.012459579378034
n_fatigue_ring_2,0.4425,1.1504580613445488,1.012459579378034
n_fatigue_ring_2,0.4425,1.1504580627363932,1.0124595793754803
n_fatigue_ring_2,0.4425,1.1504580643555653,1.01245957933203
n_fatigue_ring_2,0.4425,1.1504580713202228,1.0124595794968276
n_fatigue_ring_2,0.4425,1.1504580613445488,1.012459579378034
n_fatigue_ring_2,0.4425,1.1504580613445488,1.0124595793734692
n_fatigue_ring_2,0.4425,1.1504580613445488,1.012459579378034
n_fatigue_ring_2,0.4425,1.150197359339519,1.0124555129539612
n_fatigue_ring_2,0.4425,1.150197359339519,1.0124555129539612
n_fatigue_ring_2,0.4425,1.1501973607304021,1.0124555129514075
n_fatigue_ring_2,0.4425,1.1501973623505686,1.012455512907957
n_fatigue_ring_2,0.4425,1.1501973693026717,1.0124555130727577
n_fatigue_ring_2,0.4425,1.150197359339519,1.0124555129539612
n_fatigue_ring_2,0.4425,1.150197359339519,1.0124555129493964
n_fatigue_ring_2,0.4425,1.150197359339519,1.0124555129539612
n_fatigue_ring_2,0.4425,1.1501808330703092,1.0124552549792702
n_fatigue_ring_2,0.4425,1.1501808330703092,1.0124552549792702
n_fatigue_ring_2,0.4425,1.1501808344611308,1.0124552549767165
n_fatigue_ring_2,0.4425,1.1501808360813595,1.0124552549332662
n_fatigue_ring_2,0.4425,1.150180843032667,1.0124552550980668
n_fatigue_ring_2,0.4425,1.1501808330703092,1.0124552549792702
n_fatigue_ring_2,0.4425,1.1501808330703092,1.0124552549747055
n_fatigue_ring_2,0.4425,1.1501808330703092,1.0124552549792702
n_fatigue_ring_2,0.4425,1.150169357617989,1.0124550758337925
n_fatigue_ring_2,0.4425,1.150169357617989,1.0124550758337925
n_fatigue_ring_2,0.4425,1.1501693590087685,1.012455075831239
n_fatigue_ring_2,0.4425,1.1501693606290417,1.0124550757877884
n_fatigue_ring_2,0.4425,1.150169367579797,1.0124550759525892
n_fatigue_ring_2,0.4425,1.150169357617989,1.0124550758337925
n_fatigue_ring_2,0.4425,1.150169357617989,1.012455075829228
n_fatigue_ring_2,0.4425,1.150169357617989,1.0124550758337925
n_fatigue_ring_2,0.4425,1.150025023152441,1.0124528216256627
n_fatigue_ring_2,0.4425,1.150025023152441,1.0124528216256627
n_fatigue_ring_2,0.4425,1.1500250245426877,1.0124528216231092
n_fatigue_ring_2,0.4425,1.1500250261635123,1.0124528215796587
n_fatigue_ring_2,0.4425,1.1500250331073143,1.012452821744461
n_fatigue_ring_2,0.4425,1.150025023152441,1.0124528216256627
n_fatigue_ring_2,0.4425,1.150025023152441,1.0124528216210982
n_fatigue_ring_2,0.4425,1.150025023152441,1.0124528216256627
n_fatigue_ring_2,0.4425,1.1399118529772905,1.0223783379397624
n_fatigue_ring_2,0.4425,1.1399118529772905,1.0223783379397624
n_fatigue_ring_2,0.4425,1.1399118543302196,1.022378336584285
n_fatigue_ring_2,0.4425,1.139911855990506,1.0223783348805424
n_fatigue_ring_2,0.4425,1.1399118624436897,1.022378328592267
n_fatigue_ring_2,0.4425,1.1399118529772905,1.0223783379397624
n_fatigue_ring_2,0.4425,1.1399118529772905,1.0223783379351987
n_fatigue_ring_2,0.4425,1.1399118529772905,1.0223783379397624
n_fatigue_ring_2,0.4425,1.1499835208694182,1.012468652281572
n_fatigue_ring_2,0.4425,1.1499835208694182,1.012468652281572
n_fatigue_ring_2,0.4425,1.1499835222595123,1.0124686508889245
n_fatigue_ring_2,0.4425,1.1499835238804952,1.0124686492244908
n_fatigue_ring_2,0.4425,1.1499835308222977,1.0124686424474914
n_fatigue_ring_2,0.4425,1.1499835208694182,1.012468652281572
n_fatigue_ring_2,0.4425,1.1499835208694182,1.0124686522770072
n_fatigue_ring_2,0.4425,1.1499835208694182,1.012468652281572
n_fatigue_ring_2,0.4425,1.1500238168146957,1.0124528027787025
n_fatigue_ring_2,0.4425,1.1500238168146957,1.0124528027787025
n_fatigue_ring_2,0.4425,1.1500238182049385,1.012452802776149
n_fatigue_ring_2,0.4425,1.1500238198257675,1.0124528027326984
n_fatigue_ring_2,0.4425,1.1500238267695118,1.0124528028975008
n_fatigue_ring_2,0.4425,1.1500238168146957,1.0124528027787025
n_fatigue_ring_2,0.4425,1.1500238168146957,1.012452802774138
n_fatigue_ring_2,0.4425,1.1500238168146957,1.0124528027787025
n_fatigue_ring_2,0.4425,1.150022482743067,1.012452781935972
n_fatigue_ring_2,0.4425,1.150022482743067,1.012452781935972
n_fatigue_ring_2,0.4425,1.1500224841333049,1.0124527819334186
n_fatigue_ring_2,0.4425,1.1500224857541388,1.012452781889968
n_fatigue_ring_2,0.4425,1.1500224926978193,1.0124527820547704
n_fatigue_ring_2,0.4425,1.150022482743067,1.012452781935972
n_fatigue_ring_2,0.4425,1.150022482743067,1.0124527819314075
n_fatigue_ring_2,0.4425,1.150022482743067,1.012452781935972
n_fatigue_ring_2,0.4425,1.1500030007659336,1.0124524775437056
n_fatigue_ring_2,0.4425,1.1500030007659336,1.0124524775437056
n_fatigue_ring_2,0.4425,1.1500030021561,1.012452477541152
n_fatigue_ring_2,0.4425,1.1500030037770077,1.0124524774977015
n_fatigue_ring_2,0.4425,1.1500030107197494,1.0124524776625041
n_fatigue_ring_2,0.4425,1.1500030007659336,1.0124524775437056
n_fatigue_ring_2,0.4425,1.1500030007659336,1.012452477539141
n_fatigue_ring_2,0.4425,1.1500030007659336,1.0124524775437056
n_fatigue_ring_2,0.4425,1.150002901456622,1.0124524759919826
n_fatigue_ring_2,0.4425,1.150002901456622,1.0124524759919826
n_fatigue_ring_2,0.4425,1.1500029028467877,1.0124524759894293
n_fatigue_ring_2,0.4425,1.150002904467696,1.0124524759459785
n_fatigue_ring_2,0.4425,1.1500029114104315,1.0124524761107812
n_fatigue_ring_2,0.4425,1.150002901456622,1.0124524759919826
n_fatigue_ring_2,0.4425,1.150002901456622,1.012452475987418
n_fatigue_ring_2,0.4425,1.150002901456622,1.0124524759919826
n_fatigue_ring_2,0.4425,1.1499901100380099,1.0124621660789677
n_fatigue_ring_2,0.4425,1.1499901100380099,1.0124621660789677
n_fatigue_ring_2,0.4425,1.1499901114281281,1.012462164686296
n_fatigue_ring_2,0.4425,1.1499901130490857,1.0124621630218877
n_fatigue_ring_2,0.4425,1.149990119991206,1.0124621562445701
n_fatigue_ring_2,0.4425,1.1499901100380099,1.0124621660789677
n_fatigue_ring_2,0.4425,1.1499901100380099,1.0124621660744029
n_fatigue_ring_2,0.4425,1.1499901100380099,1.0124621660789677
n_fatigue_ring_2,0.4425,1.1500028254373569,1.0124524748041697
n_fatigue_ring_2,0.4425,1.1500028254373569,1.0124524748041697
n_fatigue_ring_2,0.4425,1.1500028268275222,1.0124524748016162
n_fatigue_ring_2,0.4425,1.150002828448431,1.0124524747581656
n_fatigue_ring_2,0.4425,1.150002835391164,1.0124524749229682
n_fatigue_ring_2,0.4425,1.1500028254373569,1.0124524748041697
n_fatigue_ring_2,0.4425,1.1500028254373569,1.012452474799605
n_fatigue_ring_2,0.4425,1.1500028254373569,1.0124524748041697
n_fatigue_ring_2,0.4425,1.1500027506568955,1.0124524736357126
n_fatigue_ring_2,0.4425,1.1500027506568955,1.0124524736357126
n_fatigue_ring_2,0.4425,1.1500027520470608,1.012452473633159
n_fatigue_ring_2,0.4425,1.1500027536679698,1.0124524735897085
n_fatigue_ring_2,0.4425,1.1500027606106986,1.012452473754511
n_fatigue_ring_2,0.4425,1.1500027506568955,1.0124524736357126
n_fatigue_ring_2,0.4425,1.1500027506568955,1.012452473631148
n_fatigue_ring_2,0.4425,1.1500027506568955,1.0124524736357126
n_fatigue_ring_2,0.4425,1.1499964302379455,1.0124559446384231
n_fatigue_ring_2,0.4425,1.1499964302379455,1.0124559446384231
n_fatigue_ring_2,0.4425,1.1499964316280875,1.0124559432457276
n_fatigue_ring_2,0.4425,1.1499964332490213,1.0124559415813432
n_fatigue_ring_2,0.4425,1.1499964401914464,1.0124559348037208
n_fatigue_ring_2,0.4425,1.1499964302379455,1.0124559446384231
n_fatigue_ring_2,0.4425,1.1499964302379455,1.0124559446338584
n_fatigue_ring_2,0.4425,1.1499964302379455,1.0124559446384231
n_fatigue_ring_2,0.4425,1.1500026793202236,1.0124524725210649
n_fatigue_ring_2,0.4425,1.1500026793202236,1.0124524725210649
n_fatigue_ring_2,0.4425,1.1500026807103887,1.0124524725185113
n_fatigue_ring_2,0.4425,1.1500026823312979,1.0124524724750608
n_fatigue_ring_2,0.4425,1.150002689274024,1.0124524726398634
n_fatigue_ring_2,0.4425,1.1500026793202236,1.0124524725210649
n_fatigue_ring_2,0.4425,1.1500026793202236,1.0124524725165003
n_fatigue_ring_2,0.4425,1.1500026793202236,1.0124524725210649
n_fatigue_ring_2,0.4425,1.1500026106911758,1.012452471448724
n_fatigue_ring_2,0.4425,1.1500026106911758,1.012452471448724
n_fatigue_ring_2,0.4425,1.1500026120813407,1.0124524714461705
n_fatigue_ring_2,0.4425,1.1500026137022503,1.0124524714027199
n_fatigue_ring_2,0.4425,1.1500026206449734,1.0124524715675223
n_fatigue_ring_2,0.4425,1.1500026106911758,1.012452471448724
n_fatigue_ring_2,0.4425,1.1500026106911758,1.0124524714441592
n_fatigue_ring_2,0.4425,1.1500026106911758,1.012452471448724
n_fatigue_ring_2,0.4425,1.1499995204383837,1.0124529027241682
n_fatigue_ring_2,0.4425,1.1499995204383837,1.0124529027241682
n_fatigue_ring_2,0.4425,1.1499995218285366,1.0124529013314618
n_fatigue_ring_2,0.4425,1.1499995234494582,1.0124528996670896
n_fatigue_ring_2,0.4425,1.1499995303920323,1.012452892889318
n_fatigue_ring_2,0.4425,1.1499995204383837,1.0124529027241682
n_fatigue_ring_2,0.4425,1.1499995204383837,1.0124529027196034
n_fatigue_ring_2,0.4425,1.1499995204383837,1.0124529027241682
n_fatigue_ring_2,0.4425,1.1500017126310684,1.0124524574163376
n_fatigue_ring_2,0.4425,1.1500017126310684,1.0124524574163376
n_fatigue_ring_2,0.4425,1.1500017140212295,1.012452457413784
n_fatigue_ring_2,0.4425,1.1500017156421427,1.0124524573703335
n_fatigue_ring_2,0.4425,1.150001722584823,1.0124524575351361
n_fatigue_ring_2,0.4425,1.1500017126310684,1.0124524574163376
n_fatigue_ring_2,0.4425,1.1500017126310684,1.012452457411773
n_fatigue_ring_2,0.4425,1.1500017126310684,1.0124524574163376
n_fatigue_ring_2,0.4425,1.1398898215229603,1.0224000046402528
n_fatigue_ring_2,0.4425,1.1398898215229603,1.0224000046402528
n_fatigue_ring_2,0.4425,1.1398898228758074,1.022400003284857
n_fatigue_ring_2,0.4425,1.1398898245361822,1.0224000015810264
n_fatigue_ring_2,0.4425,1.1398898309882954,1.0223999952938214
n_fatigue_ring_2,0.4425,1.1398898215229603,1.0224000046402528
n_fatigue_ring_2,0.4425,1.1398898215229603,1.022400004635689
n_fatigue_ring_2,0.4425,1.1398898215229603,1.0224000046402528
n_fatigue_ring_2,0.4425,1.1499603519568378,1.0124914591143057
n_fatigue_ring_2,0.4425,1.1499603519568378,1.0124914591143057
n_fatigue_ring_2,0.4425,1.1499603533468468,1.0124914577217432
n_fatigue_ring_2,0.4425,1.1499603549679176,1.0124914560572218
n_fatigue_ring_2,0.4425,1.1499603619086043,1.0124914492813382
n_fatigue_ring_2,0.4425,1.1499603519568378,1.0124914591143057
n_fatigue_ring_2,0.4425,1.1499603519568378,1.012491459109741
n_fatigue_ring_2,0.4425,1.1499603519568378,1.0124914591143057
n_fatigue_ring_2,0.4425,1.1500015398054306,1.0124524547158924
n_fatigue_ring_2,0.4425,1.1500015398054306,1.0124524547158924
n_fatigue_ring_2,0.4425,1.1500015411955913,1.012452454713339
n_fatigue_ring_2,0.4425,1.150001542816504,1.0124524546698885
n_fatigue_ring_2,0.4425,1.1500015497591753,1.012452454834691
n_fatigue_ring_2,0.4425,1.1500015398054306,1.0124524547158924
n_fatigue_ring_2,0.4425,1.1500015398054306,1.0124524547113278
n_fatigue_ring_2,0.4425,1.1500015398054306,1.0124524547158924
n_fatigue_ring_2,0.4425,1.1499743547816883,1.0124776751288949
n_fatigue_ring_2,0.4425,1.1499743547816883,1.0124776751288949
n_fatigue_ring_2,0.4425,1.1499743561717488,1.012477673736281
n_fatigue_ring_2,0.4425,1.1499743577927664,1.0124776720718127
n_fatigue_ring_2,0.4425,1.1499743647341274,1.0124776652952545
n_fatigue_ring_2,0.4425,1.1499743547816883,1.0124776751288949
n_fatigue_ring_2,0.4425,1.1499743547816883,1.0124776751243303
n_fatigue_ring_2,0.4425,1.1499743547816883,1.0124776751288949
n_fatigue_ring_2,0.4425,1.1500014233770492,1.0124524528966676
n_fatigue_ring_2,0.4425,1.1500014233770492,1.0124524528966676
n_fatigue_ring_2,0.4425,1.1500014247672095,1.0124524528941141
n_fatigue_ring_2,0.4425,1.1500014263881237,1.0124524528506633
n_fatigue_ring_2,0.4425,1.1500014333307889,1.012452453015466
n_fatigue_ring_2,0.4425,1.1500014233770492,1.0124524528966676
n_fatigue_ring_2,0.4425,1.1500014233770492,1.0124524528921028
n_fatigue_ring_2,0.4425,1.1500014233770492,1.0124524528966676
n_fatigue_ring_2,0.4425,1.149983557653358,1.012468616072591
n_fatigue_ring_2,0.4425,1.149983557653358,1.012468616072591
n_fatigue_ring_2,0.4425,1.149983559043452,1.0124686146799438
n_fatigue_ring_2,0.4425,1.1499835606644349,1.01246861301551
n_fatigue_ring_2,0.4425,1.149983567606239,1.0124686062385087
n_fatigue_ring_2,0.4425,1.149983557653358,1.012468616072591
n_fatigue_ring_2,0.4425,1.149983557653358,1.0124686160680265
n_fatigue_ring_2,0.4425,1.149983557653358,1.012468616072591
n_fatigue_ring_2,0.4425,1.1500013438566652,1.0124524516541393
n_fatigue_ring_2,0.4425,1.1500013438566652,1.0124524516541393
n_fatigue_ring_2,0.4425,1.150001345246825,1.0124524516515858
n_fatigue_ring_2,0.4425,1.1500013468677395,1.0124524516081352
n_fatigue_ring_2,0.4425,1.150001353810402,1.0124524517729379
n_fatigue_ring_2,0.4425,1.1500013438566652,1.0124524516541393
n_fatigue_ring_2,0.4425,1.1500013438566652,1.0124524516495748
n_fatigue_ring_2,0.4425,1.1500013438566652,1.0124524516541393
n_fatigue_ring_2,0.4425,1.1500012652422757,1.012452450425767
n_fatigue_ring_2,0.4425,1.1500012652422757,1.012452450425767
n_fatigue_ring_2,0.4425,1.1500012666324362,1.0124524504232135
n_fatigue_ring_2,0.4425,1.1500012682533505,1.012452450379763
n_fatigue_ring_2,0.4425,1.150001275196009,1.0124524505445656
n_fatigue_ring_2,0.4425,1.1500012652422757,1.012452450425767
n_fatigue_ring_2,0.4425,1.1500012652422757,1.0124524504212022
n_fatigue_ring_2,0.4425,1.1500012652422757,1.012452450425767
n_fatigue_ring_2,0.4425,1.1499924112329156,1.0124599008429889
n_fatigue_ring_2,0.4425,1.1499924112329156,1.0124599008429889
n_fatigue_ring_2,0.4425,1.1499924126230425,1.0124598994503085
n_fatigue_ring_2,0.4425,1.1499924142439912,1.0124598977859092
n_fatigue_ring_2,0.4425,1.1499924211862231,1.0124598910084799
n_fatigue_ring_2,0.4425,1.1499924112329156,1.0124599008429889
n_fatigue_ring_2,0.4425,1.1499924112329156,1.012459900838424
n_fatigue_ring_2,0.4425,1.1499924112329156,1.0124599008429889
n_fatigue_ring_2,0.4425,1.150001221067578,1.0124524497355243
n_fatigue_ring_2,0.4425,1.150001221067578,1.0124524497355243
n_fatigue_ring_2,0.4425,1.1500012224577378,1.012452449732971
n_fatigue_ring_2,0.4425,1.1500012240786526,1.0124524496895204
n_fatigue_ring_2,0.4425,1.1500012310213084,1.012452449854323
n_fatigue_ring_2,0.4425,1.150001221067578,1.0124524497355243
n_fatigue_ring_2,0.4425,1.150001221067578,1.0124524497309597
n_fatigue_ring_2,0.4425,1.150001221067578,1.0124524497355243
n_fatigue_ring_2,0.4425,1.150001177471603,1.0124524490543245
n_fatigue_ring_2,0.4425,1.150001177471603,1.0124524490543245
n_fatigue_ring_2,0.4425,1.1500011788617621,1.012452449051771
n_fatigue_ring_2,0.4425,1.1500011804826775,1.0124524490083204
n_fatigue_ring_2,0.4425,1.1500011874253309,1.012452449173123
n_fatigue_ring_2,0.4425,1.150001177471603,1.0124524490543245
n_fatigue_ring_2,0.4425,1.150001177471603,1.01245244904976
n_fatigue_ring_2,0.4425,1.150001177471603,1.0124524490543245
n_fatigue_ring_2,0.4425,1.149996794299594,1.0124555862655318
n_fatigue_ring_2,0.4425,1.149996794299594,1.0124555862655318
n_fatigue_ring_2,0.4425,1.1499967956897372,1.012455584872835
n_fatigue_ring_2,0.4425,1.149996797310668,1.0124555832084539
n_fatigue_ring_2,0.4425,1.149996804253111,1.0124555764308134
n_fatigue_ring_2,0.4425,1.149996794299594,1.0124555862655318
n_fatigue_ring_2,0.4425,1.149996794299594,1.0124555862609672
n_fatigue_ring_2,0.4425,1.149996794299594,1.0124555862655318
n_fatigue_ring_2,0.4425,1.1500011486833892,1.0124524486045001
n_fatigue_ring_2,0.4425,1.1500011486833892,1.0124524486045001
n_fatigue_ring_2,0.4425,1.1500011500735485,1.0124524486019466
n_fatigue_ring_2,0.4425,1.1500011516944635,1.012452448558496
n_fatigue_ring_2,0.4425,1.1500011586371157,1.0124524487232986
n_fatigue_ring_2,0.4425,1.1500011486833892,1.0124524486045001
n_fatigue_ring_2,0.4425,1.1500011486833892,1.0124524485999356
n_fatigue_ring_2,0.4425,1.1500011486833892,1.0124524486045001
n_fatigue_ring_2,0.4425,1.1500011204278704,1.012452448162999
n_fatigue_ring_2,0.4425,1.1500011204278704,1.012452448162999
n_fatigue_ring_2,0.4425,1.1500011218180293,1.0124524481604456
n_fatigue_ring_2,0.4425,1.1500011234389442,1.012452448116995
n_fatigue_ring_2,0.4425,1.1500011303815956,1.0124524482817976
n_fatigue_ring_2,0.4425,1.1500011204278704,1.012452448162999
n_fatigue_ring_2,0.4425,1.1500011204278704,1.0124524481584345
n_fatigue_ring_2,0.4425,1.1500011204278704,1.012452448162999
n_fatigue_ring_2,0.4425,1.1499989573509097,1.0124534570131554
n_fatigue_ring_2,0.4425,1.1499989573509097,1.0124534570131554
n_fatigue_ring_2,0.4425,1.1499989587410608,1.0124534556204507
n_fatigue_ring_2,0.4425,1.149998960361985,1.0124534539560763
n_fatigue_ring_2,0.4425,1.1499989673045303,1.0124534471783335
n_fatigue_ring_2,0.4425,1.1499989573509097,1.0124534570131554
n_fatigue_ring_2,0.4425,1.1499989573509097,1.0124534570085908
n_fatigue_ring_2,0.4425,1.1499989573509097,1.0124534570131554
n_fatigue_ring_2,0.4425,1.1500010839951764,1.012452447593727
n_fatigue_ring_2,0.4425,1.1500010839951764,1.012452447593727
n_fatigue_ring_2,0.4425,1.1500010853853353,1.0124524475911736
n_fatigue_ring_2,0.4425,1.15000108700625,1.0124524475477232
n_fatigue_ring_2,0.4425,1.1500010939489,1.0124524477125258
n_fatigue_ring_2,0.4425,1.1500010839951764,1.012452447593727
n_fatigue_ring_2,0.4425,1.1500010839951764,1.0124524475891625
n_fatigue_ring_2,0.4425,1.1500010839951764,1.012452447593727
n_fatigue_ring_2,0.4425,1.150001048743707,1.0124524470429124
n_fatigue_ring_2,0.4425,1.150001048743707,1.0124524470429124
n_fatigue_ring_2,0.4425,1.1500010501338658,1.0124524470403589
n_fatigue_ring_2,0.4425,1.1500010517547814,1.0124524469969083
n_fatigue_ring_2,0.4425,1.1500010586974294,1.0124524471617107
n_fatigue_ring_2,0.4425,1.150001048743707,1.0124524470429124
n_fatigue_ring_2,0.4425,1.150001048743707,1.0124524470383476
n_fatigue_ring_2,0.4425,1.150001048743707,1.0124524470429124
n_fatigue_ring_2,0.4425,1.1500000030443112,1.0124524307034894
n_fatigue_ring_2,0.4425,1.1500000030443112,1.0124524307034894
n_fatigue_ring_2,0.4425,1.150000004434466,1.012452430700936
n_fatigue_ring_2,0.4425,1.1500000060553852,1.0124524306574854
n_fatigue_ring_2,0.4425,1.1500000129979826,1.012452430822288
n_fatigue_ring_2,0.4425,1.1500000030443112,1.0124524307034894
n_fatigue_ring_2,0.4425,1.1500000030443112,1.0124524306989247
n_fatigue_ring_2,0.4425,1.1500000030443112,1.0124524307034894
n_fatigue_ring_2,0.4425,1.149999998929408,1.0124524317097843
n_fatigue_ring_2,0.4425,1.149999998929408,1.0124524317097843
n_fatigue_ring_2,0.4425,1.1500000003195632,1.012452430636639
n_fatigue_ring_2,0.4425,1.150000001940483,1.0124524305931883
n_fatigue_ring_2,0.4425,1.15000000888308,1.0124524307579907
n_fatigue_ring_2,0.4425,1.149999998929408,1.0124524317097843
n_fatigue_ring_2,0.4425,1.149999998929408,1.0124524317052195
n_fatigue_ring_2,0.4425,1.149999998929408,1.0124524317097843
n_fatigue_ring_2,0.4425,1.1500000030443112,1.0124524307034894
n_fatigue_ring_2,0.4425,1.1500000030443112,1.0124524307034894
n_fatigue_ring_2,0.4425,1.150000004434466,1.012452430700936
n_fatigue_ring_2,0.4425,1.1500000060553852,1.0124524306574854
n_fatigue_ring_2,0.4425,1.1500000129979826,1.012452430822288
n_fatigue_ring_2,0.4425,1.1500000030443112,1.0124524307034894
n_fatigue_ring_2,0.4425,1.1500000030443112,1.0124524306989247
n_fatigue_ring_2,0.4425,1.1500000030443112,1.0124524307034894
n_fatigue_ring_2,0.4425,1.1398882072855496,1.0224015921341099
n_fatigue_ring_2,0.4425,1.1398882072855496,1.0224015921341099
n_fatigue_ring_2,0.4425,1.1398882086383912,1.0224015907787198
n_fatigue_ring_2,0.4425,1.139888210298772,1.022401589074883
n_fatigue_ring_2,0.4425,1.1398882167508009,1.0224015827877624
n_fatigue_ring_2,0.4425,1.1398882072855496,1.0224015921341099
n_fatigue_ring_2,0.4425,1.1398882072855496,1.0224015921295462
n_fatigue_ring_2,0.4425,1.1398882072855496,1.0224015921341099
n_fatigue_ring_2,0.4425,1.149958652737946,1.0124931317762056
n_fatigue_ring_2,0.4425,1.149958652737946,1.0124931317762056
n_fatigue_ring_2,0.4425,1.1499586541279483,1.0124931303836497
n_fatigue_ring_2,0.4425,1.1499586557490256,1.012493128719122
n_fatigue_ring_2,0.4425,1.1499586626896303,1.0124931219433202
n_fatigue_ring_2,0.4425,1.149958652737946,1.0124931317762056
n_fatigue_ring_2,0.4425,1.149958652737946,1.012493131771641
n_fatigue_ring_2,0.4425,1.149958652737946,1.0124931317762056
n_fatigue_ring_2,0.4425,1.1499998409940277,1.01245258717736
n_fatigue_ring_2,0.4425,1.1499998409940277,1.01245258717736
n_fatigue_ring_2,0.4425,1.149999842384182,1.0124525857846522
n_fatigue_ring_2,0.4425,1.149999844005102,1.0124525841202816
n_fatigue_ring_2,0.4425,1.1499998509476905,1.0124525773424957
n_fatigue_ring_2,0.4425,1.1499998409940277,1.01245258717736
n_fatigue_ring_2,0.4425,1.1499998409940277,1.0124525871727952
n_fatigue_ring_2,0.4425,1.1499998409940277,1.01245258717736
n_fatigue_ring_2,0.4425,1.150000002390977,1.0124524306932807
n_fatigue_ring_2,0.4425,1.150000002390977,1.0124524306932807
n_fatigue_ring_2,0.4425,1.150000003781132,1.0124524306907272
n_fatigue_ring_2,0.4425,1.1500000054020516,1.0124524306472766
n_fatigue_ring_2,0.4425,1.1500000123446483,1.0124524308120793
n_fatigue_ring_2,0.4425,1.150000002390977,1.0124524306932807
n_fatigue_ring_2,0.4425,1.150000002390977,1.0124524306887162
n_fatigue_ring_2,0.4425,1.150000002390977,1.0124524306932807
n_fatigue_ring_2,0.4425,1.1499998958689723,1.0124525331598588
n_fatigue_ring_2,0.4425,1.1499998958689723,1.0124525331598588
n_fatigue_ring_2,0.4425,1.1499998972591272,1.0124525317671504
n_fatigue_ring_2,0.4425,1.1499998988800468,1.0124525301027802
n_fatigue_ring_2,0.4425,1.149999905822638,1.012452523324992
n_fatigue_ring_2,0.4425,1.1499998958689723,1.0124525331598588
n_fatigue_ring_2,0.4425,1.1499998958689723,1.0124525331552943
n_fatigue_ring_2,0.4425,1.1499998958689723,1.0124525331598588
n_fatigue_ring_2,0.4425,1.1500000019590642,1.012452430686532
n_fatigue_ring_2,0.4425,1.1500000019590642,1.012452430686532
n_fatigue_ring_2,0.4425,1.1500000033492193,1.0124524306839784
n_fatigue_ring_2,0.4425,1.1500000049701389,1.0124524306405278
n_fatigue_ring_2,0.4425,1.1500000119127356,1.0124524308053306
n_fatigue_ring_2,0.4425,1.1500000019590642,1.012452430686532
n_fatigue_ring_2,0.4425,1.1500000019590642,1.0124524306819673
n_fatigue_ring_2,0.4425,1.1500000019590642,1.012452430686532
n_fatigue_ring_2,0.4425,1.1500000015315497,1.012452430679852
n_fatigue_ring_2,0.4425,1.1500000015315497,1.012452430679852
n_fatigue_ring_2,0.4425,1.1500000029217048,1.0124524306772984
n_fatigue_ring_2,0.4425,1.1500000045426237,1.0124524306338478
n_fatigue_ring_2,0.4425,1.1500000114852214,1.0124524307986504
n_fatigue_ring_2,0.4425,1.1500000015315497,1.012452430679852
n_fatigue_ring_2,0.4425,1.1500000015315497,1.0124524306752873
n_fatigue_ring_2,0.4425,1.1500000015315497,1.012452430679852
n_fatigue_ring_2,0.4425,1.1499999487002528,1.0124524811540887
n_fatigue_ring_2,0.4425,1.1499999487002528,1.0124524811540887
n_fatigue_ring_2,0.4425,1.149999950090408,1.01245247976138
n_fatigue_ring_2,0.4425,1.149999951711328,1.0124524780970094
n_fatigue_ring_2,0.4425,1.1499999586539211,1.012452471319219
n_fatigue_ring_2,0.4425,1.1499999487002528,1.0124524811540887
n_fatigue_ring_2,0.4425,1.1499999487002528,1.0124524811495241
n_fatigue_ring_2,0.4425,1.1499999487002528,1.0124524811540887
n_fatigue_ring_2,0.4425,1.1500000013151364,1.0124524306764704
n_fatigue_ring_2,0.4425,1.1500000013151364,1.0124524306764704
n_fatigue_ring_2,0.4425,1.1500000027052912,1.0124524306739169
n_fatigue_ring_2,0.4425,1.1500000043262104,1.0124524306304663
n_fatigue_ring_2,0.4425,1.1500000112688078,1.012452430795269
n_fatigue_ring_2,0.4425,1.1500000013151364,1.0124524306764704
n_fatigue_ring_2,0.4425,1.1500000013151364,1.0124524306719056
n_fatigue_ring_2,0.4425,1.1500000013151364,1.0124524306764704
n_fatigue_ring_2,0.4425,1.1500000011009575,1.0124524306731237
n_fatigue_ring_2,0.4425,1.1500000011009575,1.0124524306731237
n_fatigue_ring_2,0.4425,1.1500000024911126,1.0124524306705702
n_fatigue_ring_2,0.4425,1.150000004112032,1.0124524306271196
n_fatigue_ring_2,0.4425,1.1500000110546285,1.0124524307919223
n_fatigue_ring_2,0.4425,1.1500000011009575,1.0124524306731237
n_fatigue_ring_2,0.4425,1.1500000011009575,1.012452430668559
n_fatigue_ring_2,0.4425,1.1500000011009575,1.0124524306731237
n_fatigue_ring_2,0.4425,1.149999974900603,1.0124524553631298
n_fatigue_ring_2,0.4425,1.149999974900603,1.0124524553631298
n_fatigue_ring_2,0.4425,1.149999976290758,1.0124524539704212
n_fatigue_ring_2,0.4425,1.1499999779116779,1.0124524523060507
n_fatigue_ring_2,0.4425,1.1499999848542737,1.0124524455282573
n_fatigue_ring_2,0.4425,1.149999974900603,1.0124524553631298
n_fatigue_ring_2,0.4425,1.149999974900603,1.012452455358565
n_fatigue_ring_2,0.4425,1.149999974900603,1.0124524553631298
n_fatigue_ring_2,0.4425,1.1500000009913844,1.0124524306714116
n_fatigue_ring_2,0.4425,1.1500000009913844,1.0124524306714116
n_fatigue_ring_2,0.4425,1.1500000023815398,1.012452430668858
n_fatigue_ring_2,0.4425,1.1500000040024594,1.0124524306254075
n_fatigue_ring_2,0.4425,1.1500000109450565,1.01245243079021
n_fatigue_ring_2,0.4425,1.1500000009913844,1.0124524306714116
n_fatigue_ring_2,0.4425,1.1500000009913844,1.012452430666847
n_fatigue_ring_2,0.4425,1.1500000009913844,1.0124524306714116
n_fatigue_ring_2,0.4425,1.1499999959099276,1.012452434682084
n_fatigue_ring_2,0.4425,1.1499999959099276,1.012452434682084
n_fatigue_ring_2,0.4425,1.1499999973000827,1.0124524332893754
n_fatigue_ring_2,0.4425,1.1499999989210024,1.0124524316250052
n_fatigue_ring_2,0.4425,1.1500000058635995,1.0124524307108103
n_fatigue_ring_2,0.4425,1.1499999959099276,1.012452434682084
n_fatigue_ring_2,0.4425,1.1499999959099276,1.0124524346775194
n_fatigue_ring_2,0.4425,1.1499999959099276,1.012452434682084
n_fatigue_ring_2,0.4425,1.1500000009722713,1.012452430671113
n_fatigue_ring_2,0.4425,1.1500000009722713,1.012452430671113
n_fatigue_ring_2,0.4425,1.1500000023624264,1.0124524306685594
n_fatigue_ring_2,0.4425,1.1500000039833458,1.0124524306251088
n_fatigue_ring_2,0.4425,1.1500000109259427,1.0124524307899114
n_fatigue_ring_2,0.4425,1.1500000009722713,1.012452430671113
n_fatigue_ring_2,0.4425,1.1500000009722713,1.0124524306665483
n_fatigue_ring_2,0.4425,1.1500000009722713,1.012452430671113
n_fatigue_ring_2,0.4425,1.1500000009533107,1.0124524306708167
n_fatigue_ring_2,0.4425,1.1500000009533107,1.0124524306708167
n_fatigue_ring_2,0.4425,1.1500000023434656,1.0124524306682632
n_fatigue_ring_2,0.4425,1.1500000039643852,1.0124524306248126
n_fatigue_ring_2,0.4425,1.1500000109069826,1.0124524307896152
n_fatigue_ring_2,0.4425,1.1500000009533107,1.0124524306708167
n_fatigue_ring_2,0.4425,1.1500000009533107,1.0124524306662521
n_fatigue_ring_2,0.4425,1.1500000009533107,1.0124524306708167
n_fatigue_ring_2,0.4425,1.1499999984316192,1.012452432199795
n_fatigue_ring_2,0.4425,1.1499999984316192,1.012452432199795
n_fatigue_ring_2,0.4425,1.1499999998217743,1.0124524308070864
n_fatigue_ring_2,0.4425,1.1500000014426937,1.0124524305854101
n_fatigue_ring_2,0.4425,1.1500000083852913,1.0124524307502127
n_fatigue_ring_2,0.4425,1.1499999984316192,1.012452432199795
n_fatigue_ring_2,0.4425,1.1499999984316192,1.0124524321952304
n_fatigue_ring_2,0.4425,1.1499999984316192,1.012452432199795
n_fatigue_ring_2,0.4425,1.1500000009420688,1.012452430670641
n_fatigue_ring_2,0.4425,1.1500000009420688,1.012452430670641
n_fatigue_ring_2,0.4425,1.1500000023322237,1.0124524306680875
n_fatigue_ring_2,0.4425,1.1500000039531426,1.012452430624637
n_fatigue_ring_2,0.4425,1.15000001089574,1.0124524307894396
n_fatigue_ring_2,0.4425,1.1500000009420688,1.012452430670641
n_fatigue_ring_2,0.4425,1.1500000009420688,1.0124524306660763
n_fatigue_ring_2,0.4425,1.1500000009420688,1.012452430670641
n_fatigue_ring_2,0.4425,1.150000000930926,1.012452430670467
n_fatigue_ring_2,0.4425,1.150000000930926,1.012452430670467
n_fatigue_ring_2,0.4425,1.1500000023210808,1.0124524306679135
n_fatigue_ring_2,0.4425,1.150000003942,1.0124524306244629
n_fatigue_ring_2,0.4425,1.1500000108845967,1.0124524307892655
n_fatigue_ring_2,0.4425,1.150000000930926,1.012452430670467
n_fatigue_ring_2,0.4425,1.150000000930926,1.0124524306659022
n_fatigue_ring_2,0.4425,1.150000000930926,1.012452430670467
n_fatigue_ring_2,0.4425,1.149999999681276,1.0124524309696645
n_fatigue_ring_2,0.4425,1.149999999681276,1.0124524309696645
n_fatigue_ring_2,0.4425,1.1500000010714309,1.012452430648387
n_fatigue_ring_2,0.4425,1.1500000026923503,1.0124524306049365
n_fatigue_ring_2,0.4425,1.150000009634947,1.0124524307697391
n_fatigue_ring_2,0.4425,1.149999999681276,1.0124524309696645
n_fatigue_ring_2,0.4425,1.149999999681276,1.0124524309651
n_fatigue_ring_2,0.4425,1.149999999681276,1.0124524309696645
n_fatigue_ring_2,0.4425,1.150000000917656,1.0124524306702596
n_fatigue_ring_2,0.4425,1.150000000917656,1.0124524306702596
n_fatigue_ring_2,0.4425,1.1500000023078114,1.012452430667706
n_fatigue_ring_2,0.4425,1.1500000039287315,1.0124524306242555
n_fatigue_ring_2,0.4425,1.1500000108713286,1.012452430789058
n_fatigue_ring_2,0.4425,1.150000000917656,1.0124524306702596
n_fatigue_ring_2,0.4425,1.150000000917656,1.012452430665695
n_fatigue_ring_2,0.4425,1.150000000917656,1.0124524306702596
n_yield_keyway_1,0.619,0.957760514098454,1.5964783340278998
n_fatigue_ring_2,0.74175,0.2038096710441472,2.622891260424293
n_fatigue_keyway_2,0.6415,1.4838974677453096,1.4556568354658554
n_fatigue_ring_2,0.3835,0.27271683494496207,1.7627501306860096
stage_2.pinion.n_b,0.45875,1.2103070054779117,1.054703978650112
n_fatigue_ring_2,0.4035,0.8328131959103008,1.2415204141673615
stage_1.pinion.n_c,0.419,1.0922289069253692,1.0248823094134107
key_1.n_crush,0.4265,0.5379718815108354,1.5958659542819968
stage_1.pinion.n_c,0.404,1.1147514601187394,0.9642578132225246
n_fatigue_keyway_2,0.4455,1.1164514901266602,1.0593744771141818
n_fatigue_ring_2,0.3905,0.8066686018259038,1.2418903664969658
stage_1.pinion.n_c,0.3905,1.0954351520168117,0.9545629879112566
n_fatigue_ring_2,0.4045,0.6593493788344988,1.419832931099721
stage_1.pinion.n_c,0.377,1.0573532434823594,0.9637724494334547
stage_2.pinion.n_c,0.4425,1.1537031611973163,1.0135111398930081
